ComptaID,Date,Portefeuille,PortefeuilleID,Fonctionnement,FonctionnementID,Num_Commande,Montant,Vérifié,Date paiement,Relevé,Etat,Categorie,CategorieID,Tiers,TiersID,Notes,Projet,ProjetID
2024-05-18-0-001,18/05/2024,Banque,PTF#BA#BANQ#BAN,Dépense & Revenu,FCT.MV-DR,,"2 160,00 €",N/A,18/05/2025,,Réglé,Finance / Obligations / Frais réglementaires,C.D-FIN.OB.01,Mtre Audineau Avocate,T#TT-SER-SE-SER#250101#MTRE_AUDINEAU_A,Reglement Avocat,Ju. Affaires,P#2025JU_AFFAIRE
2025-05-21-0-003,21/05/2025,Espèce,PTF#ES#ESPE#ESP,Dépense & Revenu,FCT.MV-DR,,"154,90 €",N/A,,,Réglé,Quotidien / Consommation / High-Tech,C.D-QUO.CO.05,Monsieur Telephone - Magasin Ludres,T#TT-COM-SP-ÉLE#250101#MONSIEUR_TELEPH,tel + coque,Telephone,P#2025TELEPHONE_
2025-05-21-0-002,21/05/2025,Espèce,PTF#ES#ESPE#ESP,Dépense & Revenu,FCT.MV-DR,,"20,00 €",N/A,,,Réglé,Quotidien / Consommation / High-Tech,C.D-QUO.CO.05,Electro Depot - Magasin Houdemont Nancy,T#TT-COM-SP-ÉLE#250101#ELECTRO_DEPOT__,casque,Pc Portable,P#2025PC_PORTABL
2025-05-21-0-001,21/05/2025,Espèce,PTF#ES#ESPE#ESP,Dépense & Revenu,FCT.MV-DR,,"10,00 €",N/A,,,Réglé,Quotidien / Consommation / Courses,C.D-QUO.CO.03,Magasin Intermarche - Ludres Nancy,T#TT-COM-DI-SUP#250101#MAGASIN_INTERMA,,Papy Villers,P#2025PAPY_VILLE
2025-05-26-0-001,26/05/2025,Espèce,PTF#ES#ESPE#ESP,Dépense & Revenu,FCT.MV-DR,,"9,00 €",N/A,,,Réglé,Santé & Bien-être / Santé / Soins,C.D-SAN.SA.05,Dr Jullière Guy - Généraliste (MT) - Nancy,T#TT-PUB-SA-MÉD#250101#DR_JULLIRE_GUY_,part mutuelle (perdue),,
2025-05-27-0-006,27/05/2025,Banque,PTF#BA#BANQ#BAN,Dépense & Revenu,FCT.MV-DR,,"2 420,00 €",Oui,27/05/2025,05/06/2025,Réglé,Finance / Professionnel /  Indemnité,C.R-FIN.PR.01,CPBourg,T#TT-SER-TR-EMP#250101#CPBOURG______,,,
2025-05-27-0-005,27/05/2025,Banque,PTF#BA#BANQ#BAN,Dépense & Revenu,FCT.MV-DR,,"2 160,00 €",Oui,18/05/2025,05/06/2025,Réglé,Finance / Crédits / Prêt Perso,C.R-FIN.CR.04,Papy famille ,T#TT-SER-TR-PER#250101#PAPY_FAMILLE___,,Ju. Affaires,P#2025JU_AFFAIRE
2025-05-27-0-004,27/05/2025,Espèce,PTF#ES#ESPE#ESP,Dépense & Revenu,FCT.MV-DR,,"5,70 €",N/A,,,Réglé,Quotidien / Transport / Transport en commun,C.D-QUO.TR.07,Stan Transport en commun  Nancéens ,T#TT-MOB-IN-TRA#250101#STAN_TRANSPORT_,,Papy Villers,P#2025PAPY_VILLE
2025-05-27-0-003,27/05/2025,Espèce,PTF#ES#ESPE#ESP,Dépense & Revenu,FCT.MV-DR,,"30,00 €",N/A,,,Réglé,Santé & Bien-être / Loisirs Social / Adhésion association,C.D-SAN.LO.01,La Feinte de l'ours,T#TT-PUB-CO-ASS#250101#LA_FEINTE_DE_LO,Abonnement La feinte,Jeux de Société,P#2025JEUX_DE_SO
2025-05-27-0-002,27/05/2025,Espèce,PTF#ES#ESPE#ESP,Dépense & Revenu,FCT.MV-DR,,"5,10 €",N/A,,,Réglé,Quotidien / Transport / Transport en commun,C.D-QUO.TR.07,Stan Transport en commun  Nancéens ,T#TT-MOB-IN-TRA#250101#STAN_TRANSPORT_,,Papy Villers,P#2025PAPY_VILLE
2025-05-27-0-001,27/05/2025,Espèce,PTF#ES#ESPE#ESP,Dépense & Revenu,FCT.MV-DR,,"6,00 €",N/A,,,Réglé,Santé & Bien-être / Loisirs Social / Sorties & Repas Perso,C.D-SAN.LO.07,Chicken Street - Magasin Nancy,T#TT-COM-RE-RES#250101#CHICKEN_STREET_,,Jeux de Société,P#2025JEUX_DE_SO
2025-05-28-1-001,28/05/2025,Banque,PTF#BA#BANQ#BAN,Transfert & Retraits,FCT.MV-TF,,"750,00 €",,,,Dû,Finance / Banque / PCC,C.D-FIN.BA.04,PCC,T#TT-SER-TR-PER#250101#PCC______,,Ju. Affaires,P#2025JU_AFFAIRE
2025-05-28-0-003,28/05/2025,Espèce,PTF#ES#ESPE#ESP,Dépense & Revenu,FCT.MV-DR,,"9,00 €",N/A,,,Réglé,Santé & Bien-être / Loisirs Social / Sorties & Repas Perso,C.D-SAN.LO.07,Tacos One  - Magasin Nancy,T#TT-COM-RE-RES#250101#TACOS_ONE___MAG,,Jeux de Société,P#2025JEUX_DE_SO
2025-05-28-0-002,28/05/2025,Espèce,PTF#ES#ESPE#ESP,Dépense & Revenu,FCT.MV-DR,,"3,00 €",N/A,,,Réglé,Santé & Bien-être / Loisirs Social / Dons association,C.D-SAN.LO.03,La feinte de l'ours,T#TT-PUB-CO-ASS#250101#LA_FEINTE_DE_LO,,Jeux de Société,P#2025JEUX_DE_SO
2025-05-28-0-001,28/05/2025,Espèce,PTF#ES#ESPE#ESP,Dépense & Revenu,FCT.MV-DR,,"3,40 €",N/A,,,Réglé,Quotidien / Transport / Transport en commun,C.D-QUO.TR.07,Stan Transport en commun  Nancéens ,T#TT-MOB-IN-TRA#250101#STAN_TRANSPORT_,,Papy Villers,P#2025PAPY_VILLE
2025-05-30-0-006,30/05/2025,Banque,PTF#BA#BANQ#BAN,Dépense & Revenu,FCT.MV-DR,PO-069-07031178542710987,"39,58 €",Oui,03/06/2025,05/06/2025,Réglé,Quotidien / Mode / Vêtements ,C.D-QUO.MO.04,Temu,T#TT-COM-NU-INT#250101#TEMU______,2 lots de 4 polos,,
2025-05-30-0-005,30/05/2025,Banque,PTF#BA#BANQ#BAN,Dépense & Revenu,FCT.MV-DR,PO-069-07031178542710987,"9,38 €",Oui,03/06/2025,05/06/2025,Réglé,Quotidien / Mode/ Sous-vêtements,C.D-QUO.MO.06,Temu,T#TT-COM-NU-INT#250101#TEMU______,A short de bain + lot de 4 boxer,,
2025-05-30-0-004,30/05/2025,Banque,PTF#BA#BANQ#BAN,Dépense & Revenu,FCT.MV-DR,PO-069-07031178542710987,"2,09 €",Oui,03/06/2025,05/06/2025,Réglé,"Quotidien /  Mode / Sac, Ceintures",C.D-QUO.MO.02,Temu,T#TT-COM-NU-INT#250101#TEMU______,Ceinture,,
2025-05-30-0-003,30/05/2025,Banque,PTF#BA#BANQ#BAN,Dépense & Revenu,FCT.MV-DR,PO-069-07031301432950987,"2,16 €",Oui,03/06/2025,05/06/2025,Réglé,Quotidien / Cadeaux / Cadeaux Famille,C.D-QUO.CA.03,Temu,T#TT-COM-NU-INT#250101#TEMU______,,,
2025-05-30-0-002,30/05/2025,Banque,PTF#BA#BANQ#BAN,Dépense & Revenu,FCT.MV-DR,PO-069-07031301432950987,"18,88 €",Oui,03/06/2025,05/06/2025,Réglé,Quotidien / Mode/ Sous-vêtements,C.D-QUO.MO.06,Temu,T#TT-COM-NU-INT#250101#TEMU______,Lot Boxer + Lot slip + Short de bain,,
2025-05-30-0-001,30/05/2025,Espèce,PTF#ES#ESPE#ESP,Dépense & Revenu,FCT.MV-DR,,"3,50 €",N/A,,,Réglé,Santé & Bien-être / Loisirs Social / Dons association,C.D-SAN.LO.03,La feinte de l'ours,T#TT-PUB-CO-ASS#250101#LA_FEINTE_DE_LO,,Jeux de Société,P#2025JEUX_DE_SO
2025-06-03-0-004,03/06/2025,Banque,PTF#BA#BANQ#BAN,Transfert & Retraits,FCT.MV-TF,,"20,00 €",Oui,05/06/2025,05/06/2025,Réglé,Finance / Banque / Retrait,C.D-FIN.BA.05,Moi - Portefeuille Especes - mai 25,T#TT-SER-TR-PER#250101#MOI__PORTEFEUIL,,,
2025-06-03-0-003,03/06/2025,Banque,PTF#BA#BANQ#BAN,Dépense & Revenu,FCT.MV-DR,,"699,95 €",Oui,05/06/2025,05/06/2025,Réglé,Quotidien / Consommation / High-Tech,C.D-QUO.CO.05,LDLC - Nancy,T#TT-COM-SP-ÉLE#250101#LDLC__NANCY____,,Pc Portable,P#2025PC_PORTABL
2025-06-03-0-002,03/06/2025,Espèce,PTF#ES#ESPE#ESP,Dépense & Revenu,FCT.MV-DR,,"3,00 €",N/A,,,Réglé,Santé & Bien-être / Loisirs Social / Dons association,C.D-SAN.LO.03,La feinte de l'ours,T#TT-PUB-CO-ASS#250101#LA_FEINTE_DE_LO,,Jeux de Société,P#2025JEUX_DE_SO
2025-06-03-0-001,03/06/2025,Espèce,PTF#ES#ESPE#ESP,Dépense & Revenu,FCT.MV-DR,,"10,00 €",N/A,,,Réglé,Santé & Bien-être / Loisirs Social / Sorties & Repas Perso,C.D-SAN.LO.07,Casa De Pizza - Nancy,T#TT-COM-RE-RES#250101#CASA_DE_PIZZA__,,Jeux de Société,P#2025JEUX_DE_SO
2025-06-04-0-002,04/06/2025,Banque,PTF#BA#BANQ#BAN,Dépense & Revenu,FCT.MV-DR,,"47,00 €",Oui,01/06/2025,05/06/2025,Réglé,Finance / Banque / Frais bancaires,C.D-FIN.BA.02,CIC Banque - Agence Ambérieu en Bugey,T#TT-SER-FI-BAN#250101#CIC_BANQUE__AGE,,,
2025-06-04-0-001,04/06/2025,Espèce,PTF#ES#ESPE#ESP,Dépense & Revenu,FCT.MV-DR,,"70,00 €",N/A,,,Réglé,Quotidien / Consommation / High-Tech,C.D-QUO.CO.05,LDLC - Nancy,T#TT-COM-SP-ÉLE#250101#LDLC__NANCY____,,Pc Portable,P#2025PC_PORTABL
2025-06-06-0-003,06/06/2025,Banque,PTF#BA#BANQ#BAN,Dépense & Revenu,FCT.MV-DR,,"660,00 €",Oui,05/09/2025,05/09/2025,Réglé,Logement / Charges / Loyer,C.D-LOG.CH.06,MOUGEL Agnès - Propriétaire,T#TT-SER-IM-PRO#250727#MOUGEL_AGNS__PR,,Loc Epinal,P#2025LOC_EPINAL
2025-06-06-0-002,06/06/2025,Banque,PTF#BA#BANQ#BAN,Dépense & Revenu,FCT.MV-DR,,"36,00 €",Oui,09/06/2025,07/07/2025,Réglé,Santé & Bien-être / Loisirs Social / Jeux de Société,C.D-SAN.LO.04,Board Game Arena - BGA,T#TT-COM-NU-PLA#250101#BOARD_GAME_AREN,Abonnement Premium *BGA annuel,Jeux de Société,P#2025JEUX_DE_SO
2025-06-06-0-001,06/06/2025,Espèce,PTF#ES#ESPE#ESP,Dépense & Revenu,FCT.MV-DR,,"3,00 €",N/A,,,Réglé,Santé & Bien-être / Loisirs Social / Dons association,C.D-SAN.LO.03,La feinte de l'ours,T#TT-PUB-CO-ASS#250101#LA_FEINTE_DE_LO,,Jeux de Société,P#2025JEUX_DE_SO
2025-06-07-0-002,07/06/2025,Banque,PTF#BA#BANQ#BAN,Dépense & Revenu,FCT.MV-DR,,"10,00 €",Oui,09/06/2025,07/07/2025,Réglé,Quotidien / Abonnement / Internet & Mobile,C.D-QUO.AB.01,Syma - Mobile,T#TT-COM-NU-FOU#250101#SYMA__MOBILE___,Syma souscription abonnement Mobile,Telephone,P#2025TELEPHONE_
2025-06-07-0-001,07/06/2025,Banque,PTF#BA#BANQ#BAN,Dépense & Revenu,FCT.MV-DR,,"85,50 €",Oui,09/06/2025,07/07/2025,Réglé,Santé & Bien-être / Loisirs Social / Jeux de Société,C.D-SAN.LO.04,PGM Stuff,T#TT-COM-NU-INT#250101#PGM_STUFF______,Reflet d'acide v2 + expé,Jeux de Société,P#2025JEUX_DE_SO
2025-06-08-0-003,08/06/2025,Banque,PTF#BA#BANQ#BAN,Dépense & Revenu,FCT.MV-DR,PO-069-17339182664310987,"38,96 €",Oui,09/06/2025,07/07/2025,Réglé,Quotidien / Mode / Vêtements ,C.D-QUO.MO.04,Temu,T#TT-COM-NU-INT#250101#TEMU______,,,
2025-06-08-0-002,08/06/2025,Banque,PTF#BA#BANQ#BAN,Dépense & Revenu,FCT.MV-DR,PO-069-17339182664310987,"12,99 €",Oui,09/06/2025,07/07/2025,Réglé,Quotidien / Mode / Chaussures & autres,C.D-QUO.MO.03,Temu,T#TT-COM-NU-INT#250101#TEMU______,Chaussure rando,,
2025-06-08-0-001,08/06/2025,Banque,PTF#BA#BANQ#BAN,Dépense & Revenu,FCT.MV-DR,PO-069-17339182664310987,"14,45 €",Oui,09/06/2025,07/07/2025,Réglé,Quotidien / Consommation / High-Tech,C.D-QUO.CO.05,Temu,T#TT-COM-NU-INT#250101#TEMU______,sourris,Pc Portable,P#2025PC_PORTABL
2025-06-10-0-005,10/06/2025,Banque,PTF#BA#BANQ#BAN,Dépense & Revenu,FCT.MV-DR,,"32,40 €",Oui,12/06/2025,07/07/2025,Réglé,Santé & Bien-être / Loisirs Social / Jeux de Société,C.D-SAN.LO.04,EspritJeu.fr,T#TT-COM-NU-INT#250101#ESPRITJEUFR____,Reflet d'acide v2 + Sky Team + expé,Jeux de Société,P#2025JEUX_DE_SO
2025-06-10-0-004,10/06/2025,Banque,PTF#BA#BANQ#BAN,Dépense & Revenu,FCT.MV-DR,,"66,90 €",Oui,12/06/2025,07/07/2025,Réglé,Santé & Bien-être / Loisirs Social / Jeux de Société,C.D-SAN.LO.04,EspritJeu.fr,T#TT-COM-NU-INT#250101#ESPRITJEUFR____,Reflet d'acide v2 + Sky Team + expé,Jeux de Société,P#2025JEUX_DE_SO
2025-06-10-0-003,10/06/2025,Banque,PTF#BA#BANQ#BAN,Annule Dépense Rembourcement,FCT.MV-AD,,"24,26 €",Oui,11/06/2025,07/07/2025,Réglé,Santé & Bien-être / Loisirs Social / Jeux de Société,C.D-SAN.LO.04,EspritJeu.fr,T#TT-COM-NU-INT#250101#ESPRITJEUFR____,Reflet d'acide v2 + Sky Team + expé,Jeux de Société,P#2025JEUX_DE_SO
2025-06-10-0-002,10/06/2025,Espèce,PTF#ES#ESPE#ESP,Dépense & Revenu,FCT.MV-DR,,"7,00 €",N/A,,,Réglé,Santé & Bien-être / Loisirs Social / Dons association,C.D-SAN.LO.03,La feinte de l'ours,T#TT-PUB-CO-ASS#250101#LA_FEINTE_DE_LO,,Jeux de Société,P#2025JEUX_DE_SO
2025-06-10-0-001,10/06/2025,Espèce,PTF#ES#ESPE#ESP,Dépense & Revenu,FCT.MV-DR,,"15,30 €",N/A,,,Réglé,Santé & Bien-être / Loisirs Social / Sorties & Repas Perso,C.D-SAN.LO.07,Chicken Street - Magasin Nancy,T#TT-COM-RE-RES#250101#CHICKEN_STREET_,,Jeux de Société,P#2025JEUX_DE_SO
2025-06-13-0-002,13/06/2025,Espèce,PTF#ES#ESPE#ESP,Dépense & Revenu,FCT.MV-DR,,"11,50 €",N/A,,,Réglé,Santé & Bien-être / Loisirs Social / Sorties & Repas Perso,C.D-SAN.LO.07,Tacos One  - Magasin Nancy,T#TT-COM-RE-RES#250101#TACOS_ONE___MAG,,Jeux de Société,P#2025JEUX_DE_SO
2025-06-13-0-001,13/06/2025,Espèce,PTF#ES#ESPE#ESP,Dépense & Revenu,FCT.MV-DR,,"3,00 €",N/A,,,Réglé,Santé & Bien-être / Loisirs Social / Dons association,C.D-SAN.LO.03,La Feinte de l'ours,T#TT-PUB-CO-ASS#250101#LA_FEINTE_DE_LO,,Jeux de Société,P#2025JEUX_DE_SO
2025-06-14-0-005,14/06/2025,Banque,PTF#BA#BANQ#BAN,Annule Dépense Rembourcement,FCT.MV-AD,,"85,50 €",Oui,16/06/2025,07/07/2025,Réglé,Santé & Bien-être / Loisirs Social / Jeux de Société,C.D-SAN.LO.04,PGM Stuff,T#TT-COM-NU-INT#250101#PGM_STUFF______,Annule Reflet d'acide v2 + expé,Jeux de Société,P#2025JEUX_DE_SO
2025-06-14-0-004,14/06/2025,Banque,PTF#BA#BANQ#BAN,Annule Dépense Rembourcement,FCT.MV-AD,PO-069-07031301432950987,"7,51 €",Oui,16/06/2025,07/07/2025,Réglé,Logement / Ameublement / Accessoires,C.D-LOG.AM.01,Temu,T#TT-COM-NU-INT#250101#TEMU______,Article manquant + casse,,
2025-06-14-0-003,14/06/2025,Banque,PTF#BA#BANQ#BAN,Annule Dépense Rembourcement,FCT.MV-AD,PO-069-07031301432950987,"2,16 €",Oui,16/06/2025,07/07/2025,Réglé,Quotidien / Cadeaux / Cadeaux Famille,C.D-QUO.CA.03,Temu,T#TT-COM-NU-INT#250101#TEMU______,,,
2025-06-14-0-002,14/06/2025,Banque,PTF#BA#BANQ#BAN,Annule Dépense Rembourcement,FCT.MV-AD,PO-069-07031178542710987,"4,07 €",Oui,16/06/2025,07/07/2025,Réglé,Quotidien / Mode/ Sous-vêtements,C.D-QUO.MO.06,Temu,T#TT-COM-NU-INT#250101#TEMU______,Pb de qualité,,
2025-06-14-0-001,14/06/2025,Banque,PTF#BA#BANQ#BAN,Annule Dépense Rembourcement,FCT.MV-AD,PO-069-07031178542710987,"4,08 €",Oui,16/06/2025,07/07/2025,Réglé,Quotidien / Mode/ Sous-vêtements,C.D-QUO.MO.06,Temu,T#TT-COM-NU-INT#250101#TEMU______,Pb de qualité,,
2025-06-16-0-002,16/06/2025,Banque,PTF#BA#BANQ#BAN,Annule Dépense Rembourcement,FCT.MV-AD,PO-069-17339182664310987,"14,45 €",Oui,17/06/2025,07/07/2025,Réglé,Quotidien / Consommation / High-Tech,C.D-QUO.CO.05,Temu,T#TT-COM-NU-INT#250101#TEMU______,Sourris pas bluetooth,Pc Portable,P#2025PC_PORTABL
2025-06-16-0-001,16/06/2025,Banque,PTF#BA#BANQ#BAN,Annule Dépense Rembourcement,FCT.MV-AD,PO-069-17339182664310987,"12,99 €",Oui,17/06/2025,07/07/2025,Réglé,Quotidien / Mode / Chaussures & autres,C.D-QUO.MO.03,Temu,T#TT-COM-NU-INT#250101#TEMU______,Chaussure 48 trop grandes,,
2025-06-17-0-001,17/06/2025,Banque,PTF#BA#BANQ#BAN,Dépense & Revenu,FCT.MV-DR,,"477,04 €",Oui,18/06/2025,07/07/2025,Réglé,Quotidien / Transport / Entretien Auto,C.D-QUO.TR.04,Garage Automobile - Charlemagne - Nancy,T#TT-COM-SP-GAR#250617#GARAGE_AUTOMOBI,Rétro R5 papy,Papy Villers,P#2025PAPY_VILLE
2025-06-18-0-003,18/06/2025,Banque,PTF#BA#BANQ#BAN,Dépense & Revenu,FCT.MV-DR,,"4,20 €",Oui,19/06/2025,07/07/2025,Réglé,Santé & Bien-être / Loisirs Social / Sorties & Repas Perso,C.D-SAN.LO.07,Boulangerie - Au Pain de mon Grand-père - Nancy - Place des vosges,T#TT-COM-RE-BOU#250618#BOULANGERIE__AU,Sandwish Poulet cury,Jeux de Société,P#2025JEUX_DE_SO
2025-06-18-0-002,18/06/2025,Espèce,PTF#ES#ESPE#ESP,Dépense & Revenu,FCT.MV-DR,,"3,00 €",N/A,,,Réglé,Santé & Bien-être / Loisirs Social / Dons association,C.D-SAN.LO.03,La Feinte de l'ours,T#TT-PUB-CO-ASS#250101#LA_FEINTE_DE_LO,,Jeux de Société,P#2025JEUX_DE_SO
2025-06-18-0-001,18/06/2025,Espèce,PTF#ES#ESPE#ESP,Dépense & Revenu,FCT.MV-DR,,"-26,65 €",N/A,,,Réglé,Finance / Revenus Exceptionnels / Pertes & Profits,#N/A,Moi - Portefeuille Especes - mai 25,T#TT-SER-TR-PER#250101#MOI__PORTEFEUIL,,,
2025-06-19-0-001,19/06/2025,Banque,PTF#BA#BANQ#BAN,Dépense & Revenu,FCT.MV-DR,,"4,73 €",Oui,23/06/2025,07/07/2025,Réglé,Quotidien / Consommation / Courses,C.D-QUO.CO.03,Supermarché Match Villers-les-nancy,T#TT-COM-DI-SUP#250619#SUPERMARCH_MATC,Rasoir + dentifrice,Papy Villers,P#2025PAPY_VILLE
2025-06-20-0-003,20/06/2025,Banque,PTF#BA#BANQ#BAN,Dépense & Revenu,FCT.MV-DR,,"12,00 €",Oui,23/06/2025,07/07/2025,Réglé,Santé & Bien-être / Loisirs Social / Sorties & Repas Perso,C.D-SAN.LO.07,Restaurant - Yom Thaï Food - Nancy,T#TT-COM-RE-RES#250620#RESTAURANT__YOM,,Jeux de Société,P#2025JEUX_DE_SO
2025-06-20-0-002,20/06/2025,Banque,PTF#BA#BANQ#BAN,Transfert & Retraits,FCT.MV-TF,,"40,00 €",Oui,20/06/2025,07/07/2025,Réglé,Finance / Banque / Retrait,C.D-FIN.BA.05,Moi - Portefeuille Especes - mai 25,T#TT-SER-TR-PER#250101#MOI__PORTEFEUIL,,,
2025-06-20-0-001,20/06/2025,Espèce,PTF#ES#ESPE#ESP,Dépense & Revenu,FCT.MV-DR,,"3,00 €",N/A,,,Réglé,Santé & Bien-être / Loisirs Social / Sorties & Repas Perso,C.D-SAN.LO.07,La Feinte de l'ours,T#TT-PUB-CO-ASS#250101#LA_FEINTE_DE_LO,,Jeux de Société,P#2025JEUX_DE_SO
2025-06-21-0-001,21/06/2025,Espèce,PTF#ES#ESPE#ESP,Dépense & Revenu,FCT.MV-DR,,"18,00 €",N/A,,,Réglé,Santé & Bien-être / Loisirs Social / Sorties & Repas Perso,C.D-SAN.LO.07,Grand Café Foy,T#TT-COM-RE-BAR#250621#GRAND_CAF_FOY__,Bar avec Melanie fête de la musique,Sortie Villers,
2025-06-23-0-003,23/06/2025,Banque,PTF#BA#BANQ#BAN,Dépense & Revenu,FCT.MV-DR,IMPRO-JUIN25,"3,00 €",Oui,25/06/2025,07/07/2025,Réglé,Santé & Bien-être / Loisirs Social / Dons association,C.D-SAN.LO.03,Diplodocus Films - Spectacle Improvisation Nancy,T#TT-PUB-CO-ASS#250624#DIPLODOCUS_FILM,Théatre impro,Culture,P#2025CULTURE___
2025-06-23-0-002,23/06/2025,Banque,PTF#BA#BANQ#BAN,Dépense & Revenu,FCT.MV-DR,IMPRO-JUIN25,"1,00 €",Oui,25/06/2025,07/07/2025,Réglé,Santé & Bien-être / Loisirs Social / Dons association,C.D-SAN.LO.03,HelloAsso,T#TT-PUB-CO-ASS#250623#HELLOASSO______,Théatre impro,Culture,P#2025CULTURE___
2025-06-23-0-001,23/06/2025,Banque,PTF#BA#BANQ#BAN,Dépense & Revenu,FCT.MV-DR,,"3,91 €",Oui,25/06/2025,07/07/2025,Réglé,Santé & Bien-être / Santé / Analyses,C.D-SAN.SA.02,Laboratoire Atoubio Villers-les-Nancy,T#TT-PUB-SA-LAB#250623#LABORATOIRE_ATO,,,
2025-06-24-0-001,24/06/2025,Espèce,PTF#ES#ESPE#ESP,Dépense & Revenu,FCT.MV-DR,,"5,00 €",N/A,,,Réglé,Quotidien / Consommation / Courses,C.D-QUO.CO.03,BOULANGERIE PÂTISSERIE MATCH LA FABRIQUE MAISON GRANDMAIRE,T#TT-COM-RE-RES#250624#BOULANGERIE_PTI,Pain,Papy Villers,P#2025PAPY_VILLE
2025-06-25-0-002,25/06/2025,Banque,PTF#BA#BANQ#BAN,Dépense & Revenu,FCT.MV-DR,,"15,00 €",Oui,27/06/2025,07/07/2025,Réglé,Santé & Bien-être / Loisirs Social / Sorties & Repas Perso,C.D-SAN.LO.07,Restaurant - Yom Thaï Food - Nancy,T#TT-COM-RE-RES#250620#RESTAURANT__YOM,Repas soirée impro,Culture,P#2025CULTURE___
2025-06-25-0-001,25/06/2025,Espèce,PTF#ES#ESPE#ESP,Dépense & Revenu,FCT.MV-DR,,"4,10 €",N/A,,,Réglé,Santé & Bien-être / Loisirs Social / Sorties & Repas Perso,C.D-SAN.LO.07,EVA Nancy - Bar & Annimation,T#TT-COM-RE-BAR#250625#EVA_NANCY__BAR_,Biere,Culture,P#2025CULTURE___
2025-06-26-0-002,26/06/2025,Banque,PTF#BA#BANQ#BAN,Dépense & Revenu,FCT.MV-DR,,"1,13 €",Oui,30/06/2025,07/07/2025,Réglé,Finance / Professionnel /  Indemnité,C.R-FIN.PR.01,CPBourg,T#TT-SER-TR-EMP#250101#CPBOURG______,,,
2025-06-26-0-001,26/06/2025,Banque,PTF#BA#BANQ#BAN,Dépense & Revenu,FCT.MV-DR,,"5 031,95 €",Oui,26/06/2025,07/07/2025,Réglé,Finance / Professionnel /  Salaire,C.R-FIN.PR.04,GBA - Grand Bourg Agglo,T#TT-SER-TR-EMP#250701#GBA__GRAND_BOUR,,,
2025-06-30-0-003,30/06/2025,Banque,PTF#BA#BANQ#BAN,Dépense & Revenu,FCT.MV-DR,,"5,00 €",Oui,02/07/2025,07/07/2025,Réglé,Santé & Bien-être / Loisirs Social / Sorties & Repas Perso,C.D-SAN.LO.07,UGC Cinécité - Ludres,T#TT-COM-LO-CIN#250630#UGC_CINCIT__LUD,Avignion,Rencontre,P#2025RENCONTRE_
2025-06-30-0-002,30/06/2025,Banque,PTF#BA#BANQ#BAN,Dépense & Revenu,FCT.MV-DR,,"17,05 €",Oui,02/07/2025,07/07/2025,Réglé,Santé & Bien-être / Loisirs Social / Sorties & Repas Perso,C.D-SAN.LO.07,Mc Donalds - Ludres CInécité,T#TT-COM-RE-RES#250630#MC_DONALDS__LUD,,Rencontre,P#2025RENCONTRE_
2025-06-30-0-001,30/06/2025,Banque,PTF#BA#BANQ#BAN,Dépense & Revenu,FCT.MV-DR,,"5,99 €",Oui,30/06/2025,07/07/2025,Réglé,Quotidien / Abonnement / Internet & Mobile,C.D-QUO.AB.01,Syma - Mobile,T#TT-COM-NU-FOU#250101#SYMA__MOBILE___,,Telephone,P#2025TELEPHONE_
2025-07-01-0-002,01/07/2025,Banque,PTF#BA#BANQ#BAN,Dépense & Revenu,FCT.MV-DR,,"68,52 €",Oui,03/07/2025,07/07/2025,Réglé,Quotidien / Consommation / Courses,C.D-QUO.CO.03,Supermarché Match Villers-les-nancy,T#TT-COM-DI-SUP#250619#SUPERMARCH_MATC,,Papy Villers,P#2025PAPY_VILLE
2025-07-01-0-000,01/07/2025,Espèce,PTF#ES#ESPE#ESP,Dépense & Revenu,FCT.MV-DR,,"3,20 €",N/A,,,Réglé,Quotidien / Consommation / Courses,C.D-QUO.CO.03,BOULANGERIE PÂTISSERIE MATCH LA FABRIQUE MAISON GRANDMAIRE,T#TT-COM-RE-RES#250624#BOULANGERIE_PTI,,Papy Villers,P#2025PAPY_VILLE
2025-07-02-0-003,02/07/2025,Banque,PTF#BA#BANQ#BAN,Dépense & Revenu,FCT.MV-DR,,"46,19 €",Oui,04/07/2025,05/08/2025,Réglé,Quotidien / Loisir récréatif / Gaming - Jeux vidéo,C.D-QUO.LO.02,Steam - Valve Corp - Jeux Vidéo,T#TT-COM-NU-PLA#250702#STEAM__VALVE_CO,,Gaming,P#2025GAMING____
2025-07-02-0-002,02/07/2025,Banque,PTF#BA#BANQ#BAN,Dépense & Revenu,FCT.MV-DR,,"5,40 €",Oui,03/07/2025,07/07/2025,Réglé,Santé & Bien-être / Loisirs Social / Sorties & Repas Perso,C.D-SAN.LO.07,Boulangerie - Au Pain de mon Grand-père - Nancy - Place des vosges,T#TT-COM-RE-BOU#250618#BOULANGERIE__AU,,Jeux de Société,P#2025JEUX_DE_SO
2025-07-02-0-000,02/07/2025,Espèce,PTF#ES#ESPE#ESP,Dépense & Revenu,FCT.MV-DR,,"3,50 €",N/A,,,Réglé,Santé & Bien-être / Loisirs Social / Sorties & Repas Perso,C.D-SAN.LO.07,La Feinte de l'ours,T#TT-PUB-CO-ASS#250101#LA_FEINTE_DE_LO,,Jeux de Société,P#2025JEUX_DE_SO
2025-07-04-0-006,04/07/2025,Banque,PTF#BA#BANQ#BAN,Dépense & Revenu,FCT.MV-DR,,"70,00 €",Oui,08/07/2025,05/08/2025,Réglé,Quotidien / Abonnement / Sécurité (annuel),C.D-QUO.AB.05,Bidefender - Antivirus & VPN,T#TT-COM-NU-INT#250705#BIDEFENDER__ANT,,Pc Portable,P#2025PC_PORTABL
2025-07-04-0-005,04/07/2025,Banque,PTF#BA#BANQ#BAN,Dépense & Revenu,FCT.MV-DR,PO-069-14933960699510987,"0,81 €",Oui,07/07/2025,05/08/2025,Réglé,Quotidien /  Mode / Accessoire Beauté,C.D-QUO.MO.01,Temu,T#TT-COM-NU-INT#250101#TEMU______,Elastiques barbe,,
2025-07-04-0-004,04/07/2025,Banque,PTF#BA#BANQ#BAN,Dépense & Revenu,FCT.MV-DR,PO-069-14933960699510987,"11,02 €",Oui,07/07/2025,05/08/2025,Réglé,Logement / Ameublement / Accessoires,C.D-LOG.AM.01,Temu,T#TT-COM-NU-INT#250101#TEMU______,Pliage Linge + mini ventillo,,
2025-07-04-0-003,04/07/2025,Banque,PTF#BA#BANQ#BAN,Dépense & Revenu,FCT.MV-DR,PO-069-14933960699510987,"4,58 €",Oui,07/07/2025,05/08/2025,Réglé,Quotidien / Cadeaux / Cadeaux Famille,C.D-QUO.CA.03,Temu,T#TT-COM-NU-INT#250101#TEMU______,Minuteur Papy,Papy Villers,P#2025PAPY_VILLE
2025-07-04-0-002,04/07/2025,Banque,PTF#BA#BANQ#BAN,Dépense & Revenu,FCT.MV-DR,PO-069-14933960699510987,"5,46 €",Oui,07/07/2025,05/08/2025,Réglé,Quotidien / Mode / Vêtements & accessoires à theme,C.D-QUO.MO.05,Temu,T#TT-COM-NU-INT#250101#TEMU______,T shirt Fun Meeple,,
2025-07-04-0-001,04/07/2025,Banque,PTF#BA#BANQ#BAN,Dépense & Revenu,FCT.MV-DR,PO-069-14934002642550987,"21,14 €",Oui,07/07/2025,05/08/2025,Réglé,Logement / Ameublement & Entretien / Bricolage,C.D-LOG.AM.02,Temu,T#TT-COM-NU-INT#250101#TEMU______,Anti-dérap escalier papy,Papy Villers,P#2025PAPY_VILLE
2025-07-11-0-007,11/07/2025,Banque,PTF#BA#BANQ#BAN,Dépense & Revenu,FCT.MV-DR,,"67,98 €",Oui,15/07/2025,05/08/2025,Réglé,Quotidien / Mode / Chaussures & autres,C.D-QUO.MO.03,Bessons Chaussures - Jeuxey,T#TT-COM-SP-VÊT#250701#BESSONS_CHAUSSU,Chaussure + chausse pied,,
2025-07-11-0-006,11/07/2025,Banque,PTF#BA#BANQ#BAN,Dépense & Revenu,FCT.MV-DR,,"53,50 €",Oui,14/07/2025,05/08/2025,Réglé,Santé & Bien-être / Loisirs Social / Jeux de Société,C.D-SAN.LO.04,Lutins Malins - Magasin de Jeux - Epinal,T#TT-COM-LO-JEU#250702#LUTINS_MALINS__,Sagaranga + regicide,Jeux de Société,P#2025JEUX_DE_SO
2025-07-11-0-005,11/07/2025,Banque,PTF#BA#BANQ#BAN,Dépense & Revenu,FCT.MV-DR,,"21,90 €",Oui,14/07/2025,05/08/2025,Réglé,Santé & Bien-être / Loisirs Social / Sorties & Repas Perso,C.D-SAN.LO.07,Hippopotamus - Epinal - Le saut le cerf ,T#TT-COM-RE-RES#250702#HIPPOPOTAMUS__E,,,
2025-07-11-0-004,11/07/2025,Banque,PTF#BA#BANQ#BAN,Transfert & Retraits,FCT.MV-TF,,"70,00 €",Oui,11/07/2025,05/08/2025,Réglé,Finance / Banque / Retrait,C.D-FIN.BA.05,Moi - Portefeuille Especes - mai 25,T#TT-SER-TR-PER#250101#MOI__PORTEFEUIL,,,
2025-07-11-0-003,11/07/2025,Espèce,PTF#ES#ESPE#ESP,Dépense & Revenu,FCT.MV-DR,,"3,00 €",N/A,,,Réglé,Santé & Bien-être / Loisirs Social / Dons association,C.D-SAN.LO.03,La Feinte de l'ours,T#TT-PUB-CO-ASS#250101#LA_FEINTE_DE_LO,,Jeux de Société,P#2025JEUX_DE_SO
2025-07-11-0-002,11/07/2025,Espèce,PTF#ES#ESPE#ESP,Dépense & Revenu,FCT.MV-DR,,"12,00 €",N/A,,,Réglé,Santé & Bien-être / Loisirs Social / Sorties & Repas Perso,C.D-SAN.LO.07,Restaurant - Yom Thaï Food - Nancy,T#TT-COM-RE-RES#250620#RESTAURANT__YOM,,Jeux de Société,P#2025JEUX_DE_SO
2025-07-11-0-001,11/07/2025,Espèce,PTF#ES#ESPE#ESP,Dépense & Revenu,FCT.MV-DR,,"2,50 €",N/A,,,Réglé,Santé & Bien-être / Loisirs Social / Sorties & Repas Perso,C.D-SAN.LO.07,Hippopotamus - Epinal - Le saut le cerf ,T#TT-COM-RE-RES#250702#HIPPOPOTAMUS__E,Pour Boire,,
2025-07-12-0-001,12/07/2025,Banque,PTF#BA#BANQ#BAN,Dépense & Revenu,FCT.MV-DR,,"0,90 €",Oui,15/07/2025,05/08/2025,Réglé,Quotidien / Transport / Entretien Auto,C.D-QUO.TR.04,Parking Gare Nancy - Saint Léon,T#TT-MOB-IN-PAR#250712#PARKING_GARE_NA,Récup Paul & Patou,Papy Villers,P#2025PAPY_VILLE
2025-07-15-0-002,15/07/2025,Espèce,PTF#ES#ESPE#ESP,Dépense & Revenu,FCT.MV-DR,,"4,00 €",N/A,,,Réglé,Santé & Bien-être / Loisirs Social / Dons association,C.D-SAN.LO.03,La Feinte de l'ours,T#TT-PUB-CO-ASS#250101#LA_FEINTE_DE_LO,,Jeux de Société,P#2025JEUX_DE_SO
2025-07-15-0-001,15/07/2025,Espèce,PTF#ES#ESPE#ESP,Dépense & Revenu,FCT.MV-DR,,"7,00 €",N/A,,,Réglé,Santé & Bien-être / Loisirs Social / Sorties & Repas Perso,C.D-SAN.LO.07,Bar Vedettes - Le Bar des Vedettes - Nancy - Place des Vosges,T#TT-COM-RE-BAR#250716#BAR_VEDETTES__L,,Jeux de Société,P#2025JEUX_DE_SO
2025-07-16-0-004,16/07/2025,Banque,PTF#BA#BANQ#BAN,Dépense & Revenu,FCT.MV-DR,,"19,46 €",Oui,18/07/2025,05/08/2025,Réglé,Quotidien / Correspondance / Affranchissement,C.D-QUO.CO.09,Villers les Nancy  - La poste Villers,T#TT-PUB-AS-POS#250101#VILLERS_LES_NAN,,,
2025-07-16-0-003,16/07/2025,Banque,PTF#BA#BANQ#BAN,Dépense & Revenu,FCT.MV-DR,,"864,00 €",Oui,16/07/2025,05/08/2025,Réglé,Logement / Annexe / Stockage,C.D-LOG.AN.01,Nancy Stockage 54 - Nancy Pulnoy,T#TT-MOB-LO-STO#250101#NANCY_STOCKAGE_,Box Meubles Maman,DC Maman,P#2024DC_MAMAN__
2025-07-16-0-002,16/07/2025,Banque,PTF#BA#BANQ#BAN,Dépense & Revenu,FCT.MV-DR,,"720,00 €",Oui,16/07/2025,05/08/2025,Réglé,Logement / Charges / Déménagement,C.D-LOG.CH.04,Demenageur Breton - Nancy Pulnoy,T#TT-MOB-LO-LOG#250101#DEMENAGEUR_BRET,Déménagement,DC Maman,P#2024DC_MAMAN__
2025-07-16-0-001,16/07/2025,Espèce,PTF#ES#ESPE#ESP,Dépense & Revenu,FCT.MV-DR,,"3,80 €",N/A,,,Réglé,Quotidien / Consommation / Courses,C.D-QUO.CO.03,AIGUILLETTES - Villers- PHARMACIE DES AIGUILLETTES,#N/A,Brosse à dent,,
2025-07-19-0-004,19/07/2025,Banque,PTF#BA#BANQ#BAN,Dépense & Revenu,FCT.MV-DR,AIR-BNB-AOUT-25-EPINAL,"54,87 €",Oui,22/07/2025,05/08/2025,Réglé,Logement / Charges / Loyer,C.D-LOG.CH.06,AirBnB,T#TT-COM-NU-INT#250719#AIRBNB______,Loc du 22 au 27,Loc Epinal,P#2025LOC_EPINAL
2025-07-19-0-003,19/07/2025,Banque,PTF#BA#BANQ#BAN,Dépense & Revenu,FCT.MV-DR,AIR-BNB-AOUT-25-EPINAL,"250,00 €",Oui,22/07/2025,05/08/2025,Réglé,Logement / Charges / Loyer,C.D-LOG.CH.06,AirbnB - Epinal - Téo ,T#TT-SER-IM-PRO#250719#AIRBNB__EPINAL_,Loc du 22 au 27,Loc Epinal,P#2025LOC_EPINAL
2025-07-19-0-002,19/07/2025,Banque,PTF#BA#BANQ#BAN,Annule Dépense Rembourcement,FCT.MV-AD,PO-069-14933960699510987,"7,82 €",Oui,21/07/2025,05/08/2025,Réglé,Logement / Ameublement / Accessoires,C.D-LOG.AM.01,Temu,T#TT-COM-NU-INT#250101#TEMU______,Pliage Linge,,
2025-07-19-0-001,19/07/2025,Banque,PTF#BA#BANQ#BAN,Annule Dépense Rembourcement,FCT.MV-AD,PO-069-14933960699510987,"5,46 €",Oui,21/07/2025,05/08/2025,Réglé,Quotidien / Mode / Vêtements & accessoires à theme,C.D-QUO.MO.05,Temu,T#TT-COM-NU-INT#250101#TEMU______,T shirt Fun Meeple,,
2025-07-20-0-002,20/07/2025,Banque,PTF#BA#BANQ#BAN,Dépense & Revenu,FCT.MV-DR,,"16,40 €",Oui,22/07/2025,05/08/2025,Réglé,Santé & Bien-être / Loisirs Social / Sorties & Repas Perso,C.D-SAN.LO.07,Le Grand China ,T#TT-COM-RE-RES#250720#LE_GRAND_CHINA_,,Loc Epinal,P#2025LOC_EPINAL
2025-07-20-0-000,20/07/2025,Espèce,PTF#ES#ESPE#ESP,Dépense & Revenu,FCT.MV-DR,,"5,80 €",N/A,,,Réglé,Santé & Bien-être / Loisirs Social / Sorties & Repas Perso,C.D-SAN.LO.07,Cinéma - CINÉS PALACE Epinal,T#TT-COM-LO-CIN#250720#CINMA__CINS_PAL,superman,Ciné Solo,P#2025CIN_SOLO__
2025-07-21-0-002,21/07/2025,Banque,PTF#BA#BANQ#BAN,Dépense & Revenu,FCT.MV-DR,,"98,88 €",Oui,11/08/2025,05/09/2025,Réglé,Santé & Bien-être / Santé / Adhésion mutuelle,C.D-SAN.SA.01,Alptis - Mutuelle santé,T#TT-PUB-SA-MUT#250721#ALPTIS__MUTUELL,Juillet + aout 25,,
2025-07-21-0-001,21/07/2025,Banque,PTF#BA#BANQ#BAN,Dépense & Revenu,FCT.MV-DR,,"20,05 €",Oui,05/08/2025,05/08/2025,Réglé,Quotidien / Transport / Transport en commun,C.D-QUO.TR.07,Stan Transport en commun  Nancéens ,T#TT-MOB-IN-TRA#250101#STAN_TRANSPORT_,juin 25,Papy Villers,P#2025PAPY_VILLE
2025-07-22-0-001,22/07/2025,Banque,PTF#BA#BANQ#BAN,Dépense & Revenu,FCT.MV-DR,,"54,60 €",Oui,22/07/2025,05/08/2025,Réglé,Quotidien / Mode / Vêtements ,C.D-QUO.MO.04,Kiabi - essay les nancy - 54,T#TT-COM-SP-VÊT#250722#KIABI__ESSAY_LE,,,
2025-07-23-0-003,23/07/2025,Banque,PTF#BA#BANQ#BAN,Dépense & Revenu,FCT.MV-DR,,"6,01 €",Oui,28/07/2025,05/08/2025,Réglé,Quotidien / Abonnement / Internet & Mobile,C.D-QUO.AB.01,Syma - Mobile,T#TT-COM-NU-FOU#250101#SYMA__MOBILE___,,Telephone,P#2025TELEPHONE_
2025-07-23-0-002,23/07/2025,Banque,PTF#BA#BANQ#BAN,Dépense & Revenu,FCT.MV-DR,,"21,53 €",Oui,23/07/2025,05/08/2025,Réglé,Quotidien / Consommation / Courses,C.D-QUO.CO.03,Intermarché - Golbey / Epinal,T#TT-COM-DI-SUP#250723#INTERMARCH__GOL,,Loc Epinal,P#2025LOC_EPINAL
2025-07-23-0-000,23/07/2025,Espèce,PTF#ES#ESPE#ESP,Dépense & Revenu,FCT.MV-DR,,"2,50 €",N/A,,,Réglé,Santé & Bien-être / Loisirs Social / Sorties & Repas Perso,C.D-SAN.LO.07,Green Bagel Café - Epinal,T#TT-COM-RE-BAR#250723#GREEN_BAGEL_CAF,,Loc Epinal,P#2025LOC_EPINAL
2025-07-24-0-001,24/07/2025,Banque,PTF#BA#BANQ#BAN,Dépense & Revenu,FCT.MV-DR,,"8,37 €",Oui,24/07/2025,05/08/2025,Réglé,Quotidien / Transport / Carburant (Essence ou Élec),C.D-QUO.TR.02,Modulo Energie,T#TT-MOB-IN-BOR#250723#MODULO_ENERGIE_,Recharge R5 epinal,Loc Epinal,P#2025LOC_EPINAL
2025-07-25-0-001,25/07/2025,Banque,PTF#BA#BANQ#BAN,Dépense & Revenu,FCT.MV-DR,,"3,99 €",Oui,29/07/2025,05/08/2025,Réglé,Quotidien / Consommation / Courses,C.D-QUO.CO.03,Festival des Pains - Sarl Charlise - Boulangerie - Epinal (lorette),T#TT-COM-RE-BOU#250726#FESTIVAL_DES_PA,To good to go (sandwish),Loc Epinal,P#2025LOC_EPINAL
2025-07-26-0-000,26/07/2025,Espèce,PTF#ES#ESPE#ESP,Dépense & Revenu,FCT.MV-DR,,"6,40 €",N/A,,,Réglé,Quotidien / Consommation / Courses,C.D-QUO.CO.03,"Boulangerie Maison Charlise, Epinal",T#TT-COM-RE-BOU#250724#BOULANGERIE_MAI,Pain & Vienoiserie,Loc Epinal,P#2025LOC_EPINAL
2025-07-27-0-001,27/07/2025,Banque,PTF#BA#BANQ#BAN,Dépense & Revenu,FCT.MV-DR,,"400,00 €",Oui,27/07/2025,05/08/2025,Réglé,Logement / Charges / Loyer,C.D-LOG.CH.06,Sygestim - Agence Immo Epinal,T#TT-SER-IM-AGE#250727#SYGESTIM__AGENC,Honoraires,Loc Epinal,P#2025LOC_EPINAL
2025-07-28-0-002,28/07/2025,Banque,PTF#BA#BANQ#BAN,Dépense & Revenu,FCT.MV-DR,,"6,50 €",Oui,28/07/2025,05/08/2025,Réglé,Quotidien / Consommation / Courses,C.D-QUO.CO.03,BOULANGERIE PÂTISSERIE MATCH LA FABRIQUE MAISON GRANDMAIRE,T#TT-COM-RE-RES#250624#BOULANGERIE_PTI,,,
2025-07-28-0-001,28/07/2025,Banque,PTF#BA#BANQ#BAN,Dépense & Revenu,FCT.MV-DR,,"37,52 €",Oui,28/07/2025,05/08/2025,Réglé,Logement / Charges / Assurance,C.D-LOG.CH.01,Maaf Assurance - Epinal,T#TT-PUB-CO-GAR#250801#MAAF_ASSURANCE_,,Loc Epinal,P#2025LOC_EPINAL
2025-07-29-0-001,29/07/2025,Banque,PTF#BA#BANQ#BAN,Dépense & Revenu,FCT.MV-DR,,"2 000,00 €",Oui,29/07/2025,07/07/2026,Réglé,Finance / Crédits / Prêt Perso,C.R-FIN.CR.04,Eric Famille,T#TT-SER-TR-PER#250728#ERIC_FAMILLE___,,,
2025-07-31-0-000,31/07/2025,Banque,PTF#BA#BANQ#BAN,Dépense & Revenu,FCT.MV-DR,,"20,83 €",Oui,04/08/2025,05/08/2025,Réglé,Quotidien / Consommation / Courses,C.D-QUO.CO.03,Supermarché Match Villers-les-nancy,T#TT-COM-DI-SUP#250619#SUPERMARCH_MATC,,Papy Villers,P#2025PAPY_VILLE
2025-08-01-0-000,01/08/2025,Banque,PTF#BA#BANQ#BAN,Dépense & Revenu,FCT.MV-DR,,"52,00 €",Oui,04/08/2025,05/08/2025,Réglé,"Quotidien /  Mode / Sac, Ceintures",C.D-QUO.MO.02,Cabaia - Sac & Accessoires -  Magasin La Paillote d'Or,T#TT-COM-SP-VÊT#250801#CABAIA__SAC__AC,,,
2025-08-01-0-000,01/08/2025,Espèce,PTF#ES#ESPE#ESP,Dépense & Revenu,FCT.MV-DR,,"0,50 €",N/A,,,Réglé,Quotidien / Transport / Péages & Parkings,C.D-QUO.TR.06,EasyPark Stationnement Rue Nancy,T#TT-MOB-IN-PAR#250801#EASYPARK_STATIO,,,
2025-08-02-0-005,02/08/2025,Banque,PTF#BA#BANQ#BAN,Dépense & Revenu,FCT.MV-DR,PO-069-07202994230390987,"4,92 €",Oui,04/08/2025,05/08/2025,Réglé,Logement / Ameublement / Accessoires,C.D-LOG.AM.01,Temu,T#TT-COM-NU-INT#250101#TEMU______,Etiquette Boite aux lettres x2,Loc Epinal,P#2025LOC_EPINAL
2025-08-02-0-004,02/08/2025,Banque,PTF#BA#BANQ#BAN,Dépense & Revenu,FCT.MV-DR,PO-069-07202994230390987,"15,10 €",Oui,04/08/2025,05/08/2025,Réglé,Quotidien / Mode / Vêtements ,C.D-QUO.MO.04,Temu,T#TT-COM-NU-INT#250101#TEMU______,Polo x 3,,
2025-08-02-0-003,02/08/2025,Banque,PTF#BA#BANQ#BAN,Dépense & Revenu,FCT.MV-DR,PO-069-07202994230390987,"53,72 €",Oui,04/08/2025,05/08/2025,Réglé,Quotidien / Mode / Vêtements & accessoires à theme,C.D-QUO.MO.05,Temu,T#TT-COM-NU-INT#250101#TEMU______,Chaussures + pentalon + Chemise + bage de barbe + Cardigan,Viking,P#2025VIKING____
2025-08-02-0-002,02/08/2025,Banque,PTF#BA#BANQ#BAN,Dépense & Revenu,FCT.MV-DR,PO-069-07202994230390987,"11,22 €",Oui,04/08/2025,05/08/2025,Réglé,Quotidien / Mode/ Sous-vêtements,C.D-QUO.MO.06,Temu,T#TT-COM-NU-INT#250101#TEMU______,Lot 5x Slip + Lot 3 maillot de bain,,
2025-08-02-0-000,02/08/2025,Banque,PTF#BA#BANQ#BAN,Annule Dépense Rembourcement,FCT.MV-AD,PO-069-07031178542710987,"11,73 €",Oui,04/08/2025,05/08/2025,Réglé,Quotidien / Mode / Vêtements ,C.D-QUO.MO.04,Temu,T#TT-COM-NU-INT#250101#TEMU______,Pb de qualité,,
2025-08-04-0-001,04/08/2025,Banque,PTF#BA#BANQ#BAN,Dépense & Revenu,FCT.MV-DR,,"24,90 €",Oui,06/08/2025,05/09/2025,Réglé,Logement / Ameublement & Entretien / Bricolage,C.D-LOG.AM.02,Castorama - Bricolage - Vandoeuvre,T#TT-COM-SP-BRI#250408#CASTORAMA__BRIC,2 marche pour ménage Papy,Papy Villers,P#2025PAPY_VILLE
2025-08-06-0-003,06/08/2025,Banque,PTF#BA#BANQ#BAN,Dépense & Revenu,FCT.MV-DR,,"15,40 €",Oui,06/08/2025,05/09/2025,Réglé,Santé & Bien-être / Loisirs Social / Sorties & Repas Perso,C.D-SAN.LO.07,Green Bagel Café - Epinal,T#TT-COM-RE-BAR#250723#GREEN_BAGEL_CAF,,,
2025-08-06-0-002,06/08/2025,Banque,PTF#BA#BANQ#BAN,Rembroucement Emprunt,FCT.R-EMP,,"24,90 €",N/A,,,Réglé,Finance / Crédits / Remboursement Prêts Perso,C.D-FIN.CR.05,Papy famille ,T#TT-SER-TR-PER#250101#PAPY_FAMILLE___,,,
2025-08-06-0-001,06/08/2025,Banque,PTF#BA#BANQ#BAN,Annule Dépense Rembourcement,FCT.MV-AD,,"24,90 €",N/A,,,Réglé,Logement / Ameublement & Entretien / Bricolage,C.D-LOG.AM.02,Papy famille ,T#TT-SER-TR-PER#250101#PAPY_FAMILLE___,Déduction pour déécopmpte pret,,
2025-08-07-0-005,07/08/2025,Banque,PTF#BA#BANQ#BAN,Transfert & Retraits,FCT.MV-TF,,"60,00 €",Oui,08/08/2025,05/09/2025,Réglé,Finance / Banque / Retrait,C.D-FIN.BA.05,Moi - Portefeuille Especes - mai 25,T#TT-SER-TR-PER#250101#MOI__PORTEFEUIL,,,
2025-08-07-0-004,07/08/2025,Espèce,PTF#ES#ESPE#ESP,Dépense & Revenu,FCT.MV-DR,,"11,50 €",N/A,,,Réglé,Santé & Bien-être / Loisirs Social / Sorties & Repas Perso,C.D-SAN.LO.07,Restaurant - Yom Thaï Food - Nancy,T#TT-COM-RE-RES#250620#RESTAURANT__YOM,,Jeux de Société,P#2025JEUX_DE_SO
2025-08-07-0-003,07/08/2025,Espèce,PTF#ES#ESPE#ESP,Dépense & Revenu,FCT.MV-DR,,"30,00 €",N/A,,,Réglé,Santé & Bien-être / Santé / Soins,C.D-SAN.SA.05,Dr Jullière Guy - Généraliste (MT) - Nancy,T#TT-PUB-SA-MÉD#250101#DR_JULLIRE_GUY_,,,
2025-08-07-0-002,07/08/2025,Espèce,PTF#ES#ESPE#ESP,Dépense & Revenu,FCT.MV-DR,,"2,50 €",N/A,,,Réglé,Santé & Bien-être / Loisirs Social / Dons association,C.D-SAN.LO.03,La Feinte de l'ours,T#TT-PUB-CO-ASS#250101#LA_FEINTE_DE_LO,,Jeux de Société,P#2025JEUX_DE_SO
2025-08-07-0-001,07/08/2025,Espèce,PTF#ES#ESPE#ESP,Dépense & Revenu,FCT.MV-DR,,"3,35 €",N/A,,,Réglé,Quotidien / Consommation / Courses,C.D-QUO.CO.03,Miller Tradition - Boulangerie Villers,T#TT-COM-RE-BOU#250801#MILLER_TRADITIO,,Papy Villers,P#2025PAPY_VILLE
2025-08-08-0-003,08/08/2025,Banque,PTF#BA#BANQ#BAN,Dépense & Revenu,FCT.MV-DR,,"28,19 €",Oui,12/08/2025,05/09/2025,Réglé,Quotidien / Consommation / Courses,C.D-QUO.CO.03,Supermarché Match Villers-les-nancy,T#TT-COM-DI-SUP#250619#SUPERMARCH_MATC,,,
2025-08-08-0-002,08/08/2025,Banque,PTF#BA#BANQ#BAN,Rembroucement Emprunt,FCT.R-EMP,,"21,14 €",N/A,,,Réglé,Finance / Crédits / Remboursement Prêts Perso,C.D-FIN.CR.05,Papy famille ,T#TT-SER-TR-PER#250101#PAPY_FAMILLE___,,Papy Villers,P#2025PAPY_VILLE
2025-08-08-0-001,08/08/2025,Banque,PTF#BA#BANQ#BAN,Annule Dépense Rembourcement,FCT.MV-AD,,"21,14 €",N/A,,,Réglé,Logement / Ameublement & Entretien / Bricolage,C.D-LOG.AM.02,Papy famille ,T#TT-SER-TR-PER#250101#PAPY_FAMILLE___,,Papy Villers,P#2025PAPY_VILLE
2025-08-09-0-001,09/08/2025,Banque,PTF#BA#BANQ#BAN,Dépense & Revenu,FCT.MV-DR,,"18,00 €",Oui,12/08/2025,05/09/2025,Réglé,Quotidien / Transport / Transport en commun,C.D-QUO.TR.07,SNCF - Train & Bus,T#TT-MOB-IN-TRA#250809#SNCF__TRAIN__BU,,Loc Epinal,P#2025LOC_EPINAL
2025-08-10-0-002,10/08/2025,Banque,PTF#BA#BANQ#BAN,Dépense & Revenu,FCT.MV-DR,,"1 260,00 €",Oui,12/08/2025,05/09/2025,Réglé,Logement / Charges / Loyer,C.D-LOG.CH.06,MOUGEL Agnès - Propriétaire,T#TT-SER-IM-PRO#250727#MOUGEL_AGNS__PR,,Loc Epinal,P#2025LOC_EPINAL
2025-08-10-0-001,10/08/2025,Banque,PTF#BA#BANQ#BAN,Dépense & Revenu,FCT.MV-DR,,"298,07 €",Oui,10/08/2025,05/09/2025,Réglé,Logement / Charges / Loyer,C.D-LOG.CH.06,MOUGEL Agnès - Propriétaire,T#TT-SER-IM-PRO#250727#MOUGEL_AGNS__PR,,Loc Epinal,P#2025LOC_EPINAL
2025-08-11-0-002,11/08/2025,Banque,PTF#BA#BANQ#BAN,Dépense & Revenu,FCT.MV-DR,,"144,00 €",Oui,11/08/2025,05/09/2025,Réglé,Logement / Annexe / Stockage,C.D-LOG.AN.01,Nancy Stockage 54 - Nancy Pulnoy,T#TT-MOB-LO-STO#250101#NANCY_STOCKAGE_,,DC Maman,P#2024DC_MAMAN__
2025-08-11-0-000,11/08/2025,Héritage,PTF#BA#BANQ#HÉR,Dépense & Revenu,FCT.MV-DR,,"39 541,08 €",Oui,11/08/2025,05/09/2025,Réglé,Finance / Revenus Exceptionnels / Héritage,#N/A,Maman,T#TT-SER-TR-PER#250701#MAMAN______,,,
2025-08-12-0-003,12/08/2025,Banque,PTF#BA#BANQ#BAN,Dépense & Revenu,FCT.MV-DR,PO-069-05141496100470987,"10,64 €",Oui,13/08/2025,05/09/2025,Réglé,Logement / Ameublement & Entretien / Décoration,C.D-LOG.AM.03,Temu,T#TT-COM-NU-INT#250101#TEMU______,,Viking,P#2025VIKING____
2025-08-12-0-002,12/08/2025,Banque,PTF#BA#BANQ#BAN,Dépense & Revenu,FCT.MV-DR,PO-069-05141496100470987,"25,68 €",Oui,13/08/2025,05/09/2025,Réglé,Quotidien / Mode/ Sous-vêtements,C.D-QUO.MO.06,Temu,T#TT-COM-NU-INT#250101#TEMU______,,,
2025-08-12-0-001,12/08/2025,Banque,PTF#BA#BANQ#BAN,Dépense & Revenu,FCT.MV-DR,PO-069-05141496100470987,"40,01 €",Oui,13/08/2025,05/09/2025,Réglé,Quotidien / Mode / Vêtements & accessoires à theme,C.D-QUO.MO.05,Temu,T#TT-COM-NU-INT#250101#TEMU______,,Viking,P#2025VIKING____
2025-08-13-0-004,13/08/2025,Banque,PTF#BA#BANQ#BAN,Dépense & Revenu,FCT.MV-DR,,"337,68 €",Oui,13/08/2025,05/09/2025,Réglé,Finance / Social / Chaumage,C.R-FIN.SO.01,France Travail - Pole Emploi,T#TT-PUB-SE-SER#250701#FRANCE_TRAVAIL_,,,
2025-08-13-0-003,13/08/2025,Banque,PTF#BA#BANQ#BAN,Dépense & Revenu,FCT.MV-DR,,"37,59 €",Oui,15/08/2025,05/09/2025,Réglé,Quotidien / Consommation / Annimaux,C.D-QUO.CO.01,La Companie des animauux,T#TT-COM-SP-ANN#250813#LA_COMPANIE_DES,,,
2025-08-13-0-002,13/08/2025,Banque,PTF#BA#BANQ#BAN,Rembroucement Emprunt,FCT.R-EMP,,"37,59 €",N/A,,,Réglé,Finance / Crédits / Remboursement Prêts Perso,C.D-FIN.CR.05,Eric Famille,T#TT-SER-TR-PER#250728#ERIC_FAMILLE___,,,
2025-08-13-0-001,13/08/2025,Banque,PTF#BA#BANQ#BAN,Annule Dépense Rembourcement,FCT.MV-AD,,"37,59 €",N/A,,,Réglé,Quotidien / Consommation / Annimaux,C.D-QUO.CO.01,Eric Famille,T#TT-SER-TR-PER#250728#ERIC_FAMILLE___,,,
2025-08-14-0-001,14/08/2025,Banque,PTF#BA#BANQ#BAN,Dépense & Revenu,FCT.MV-DR,,"9,00 €",Oui,14/08/2025,05/09/2025,Réglé,Santé & Bien-être / Santé / Remboursement mutuelle,C.R-SAN.SA.04,Alptis - Mutuelle santé,T#TT-PUB-SA-MUT#250721#ALPTIS__MUTUELL,,,
2025-08-18-0-002,18/08/2025,Banque,PTF#BA#BANQ#BAN,Dépense & Revenu,FCT.MV-DR,,"10,50 €",Oui,19/08/2025,05/09/2025,Réglé,Santé & Bien-être / Loisirs Social / Sorties & Repas Perso,C.D-SAN.LO.07,Le Shanghaï - restaurant,T#TT-COM-RE-RES#250701#LE_SHANGHA__RES,,Loc Epinal,P#2025LOC_EPINAL
2025-08-18-0-000,18/08/2025,Espèce,PTF#ES#ESPE#ESP,Dépense & Revenu,FCT.MV-DR,,"20,00 €",N/A,,,Réglé,Santé & Bien-être / Loisirs Social / Sorties & Repas Perso,C.D-SAN.LO.07,Green Bagel Café - Epinal,T#TT-COM-RE-BAR#250723#GREEN_BAGEL_CAF,,Loc Epinal,P#2025LOC_EPINAL
2025-08-19-0-002,19/08/2025,Banque,PTF#BA#BANQ#BAN,Dépense & Revenu,FCT.MV-DR,,"31,91 €",Oui,20/08/2025,05/09/2025,Réglé,Quotidien / Consommation / Papeterie & Bureautique,C.D-QUO.CO.07,Carrefour Heilliecourt Nancy,T#TT-COM-DI-SUP#250821#CARREFOUR_HEILL,,,
2025-08-19-0-000,19/08/2025,Espèce,PTF#ES#ESPE#ESP,Dépense & Revenu,FCT.MV-DR,,"9,90 €",N/A,,,Réglé,Logement /Ameublement & Entretien / Serrurier,C.D-LOG.AM.05,Service Minute - Cordonnier Serrurier - Nancy Heilliecourt,T#TT-COM-SP-COR#250821#SERVICE_MINUTE_,,,
2025-08-20-0-007,20/08/2025,Banque,PTF#BA#BANQ#BAN,Dépense & Revenu,FCT.MV-DR,PO-069-03423480248950987,"26,99 €",Oui,21/08/2025,05/09/2025,Réglé,Quotidien / Consommation / High-Tech,C.D-QUO.CO.05,Temu,T#TT-COM-NU-INT#250101#TEMU______,Enceinte bluetooth,,
2025-08-20-0-006,20/08/2025,Banque,PTF#BA#BANQ#BAN,Dépense & Revenu,FCT.MV-DR,PO-069-03423480248950987,"13,53 €",Oui,21/08/2025,05/09/2025,Réglé,Logement / Ameublement / Accessoires,C.D-LOG.AM.01,Temu,T#TT-COM-NU-INT#250101#TEMU______,bruleur d'encens,,
2025-08-20-0-005,20/08/2025,Banque,PTF#BA#BANQ#BAN,Dépense & Revenu,FCT.MV-DR,PO-069-03423480248950987,"10,45 €",Oui,21/08/2025,05/09/2025,Réglé,Quotidien / Mode / Vêtements ,C.D-QUO.MO.04,Temu,T#TT-COM-NU-INT#250101#TEMU______,,,
2025-08-20-0-004,20/08/2025,Banque,PTF#BA#BANQ#BAN,Dépense & Revenu,FCT.MV-DR,PO-069-03423480248950987,"5,25 €",Oui,21/08/2025,05/09/2025,Réglé,Quotidien / Mode/ Sous-vêtements,C.D-QUO.MO.06,Temu,T#TT-COM-NU-INT#250101#TEMU______,,,
2025-08-20-0-003,20/08/2025,Banque,PTF#BA#BANQ#BAN,Dépense & Revenu,FCT.MV-DR,PO-069-03423396362870987,"20,80 €",Oui,21/08/2025,05/09/2025,Réglé,Logement / Ameublement / Accessoires,C.D-LOG.AM.01,Temu,T#TT-COM-NU-INT#250101#TEMU______,Couteaux,Loc Epinal,P#2025LOC_EPINAL
2025-08-20-0-002,20/08/2025,Banque,PTF#BA#BANQ#BAN,Dépense & Revenu,FCT.MV-DR,,"21,50 €",Oui,22/08/2025,05/09/2025,Réglé,Santé & Bien-être / Loisirs Social / Sorties & Repas Perso,C.D-SAN.LO.07,Chez Gaston - Restaurant Epinal,T#TT-COM-RE-RES#250821#CHEZ_GASTON__RE,,Loc Epinal,P#2025LOC_EPINAL
2025-08-20-0-001,20/08/2025,Banque,PTF#BA#BANQ#BAN,Dépense & Revenu,FCT.MV-DR,,"64,57 €",Oui,20/08/2025,05/09/2025,Réglé,Logement / Charges / Énergie (Élec & Gaz),C.D-LOG.CH.05,EDF & GDF - Electricité & Gaz de France,T#TT-PUB-AS-ELE#250801#EDF__GDF__ELECT,,Loc Epinal,P#2025LOC_EPINAL
2025-08-21-0-005,21/08/2025,Banque,PTF#BA#BANQ#BAN,Dépense & Revenu,FCT.MV-DR,,"3,49 €",Oui,25/08/2025,05/09/2025,Réglé,Santé & Bien-être / Loisirs Social / Sorties & Repas Perso,C.D-SAN.LO.07,Colombus Café - Epinal,T#TT-COM-RE-RES#250827#COLOMBUS_CAF__E,,Loc Epinal,P#2025LOC_EPINAL
2025-08-21-0-004,21/08/2025,Banque,PTF#BA#BANQ#BAN,Dépense & Revenu,FCT.MV-DR,,"93,57 €",Oui,22/08/2025,05/09/2025,Réglé,Quotidien / Consommation / Courses,C.D-QUO.CO.03,Intermarché - Golbey / Epinal,T#TT-COM-DI-SUP#250723#INTERMARCH__GOL,,Loc Epinal,P#2025LOC_EPINAL
2025-08-21-0-003,21/08/2025,Banque,PTF#BA#BANQ#BAN,Dépense & Revenu,FCT.MV-DR,,"76,63 €",Oui,22/08/2025,05/09/2025,Réglé,Quotidien / Consommation / Courses,C.D-QUO.CO.03,Monoprix Epinal,T#TT-COM-DI-SUP#250821#MONOPRIX_EPINAL,,Loc Epinal,P#2025LOC_EPINAL
2025-08-21-0-002,21/08/2025,Banque,PTF#BA#BANQ#BAN,Annule Dépense Rembourcement,FCT.MV-AD,PO-069-05141496100470987,"6,47 €",Oui,25/08/2025,05/09/2025,Réglé,Logement / Ameublement & Entretien / Décoration,C.D-LOG.AM.03,Temu,T#TT-COM-NU-INT#250101#TEMU______,,Viking,P#2025VIKING____
2025-08-21-0-001,21/08/2025,Banque,PTF#BA#BANQ#BAN,Annule Dépense Rembourcement,FCT.MV-AD,PO-069-05141496100470987,"15,62 €",Oui,25/08/2025,05/09/2025,Réglé,Quotidien / Mode/ Sous-vêtements,C.D-QUO.MO.06,Temu,T#TT-COM-NU-INT#250101#TEMU______,,,
2025-08-22-0-001,22/08/2025,Banque,PTF#BA#BANQ#BAN,Transfert & Retraits,FCT.MV-TF,,"100,00 €",Oui,26/08/2025,05/09/2025,Réglé,Finance / Banque / Retrait,C.D-FIN.BA.05,Moi - Portefeuille Especes - mai 25,T#TT-SER-TR-PER#250101#MOI__PORTEFEUIL,,,
2025-08-23-0-002,23/08/2025,Banque,PTF#BA#BANQ#BAN,Dépense & Revenu,FCT.MV-DR,,"6,01 €",Oui,26/08/2025,05/09/2025,Réglé,Quotidien / Abonnement / Internet & Mobile,C.D-QUO.AB.01,Syma - Mobile,T#TT-COM-NU-FOU#250101#SYMA__MOBILE___,,Telephone,P#2025TELEPHONE_
2025-08-23-0-000,23/08/2025,Espèce,PTF#ES#ESPE#ESP,Dépense & Revenu,FCT.MV-DR,,"2,60 €",N/A,,,Réglé,Quotidien / Consommation / Courses,,La mie caline,T#TT-COM-RE-BOU#250823#LA_MIE_CALINE__,,Loc Epinal,P#2025LOC_EPINAL
2025-08-24-0-001,24/08/2025,Banque,PTF#BA#BANQ#BAN,Dépense & Revenu,FCT.MV-DR,,"50,98 €",Oui,26/08/2025,05/09/2025,Réglé,Quotidien / Consommation / High-Tech,C.D-QUO.CO.05,Fresh 'n Rebel,T#TT-COM-NU-INT#250801#FRESH_N_REBEL__,Casque,,
2025-08-26-0-009,26/08/2025,Banque,PTF#BA#BANQ#BAN,Dépense & Revenu,FCT.MV-DR,PO-069-11669806211190987,"17,08 €",Oui,27/08/2025,05/09/2025,Réglé,Logement / Ameublement / Accessoires,C.D-LOG.AM.01,Temu,T#TT-COM-NU-INT#250101#TEMU______,,Loc Epinal,P#2025LOC_EPINAL
2025-08-26-0-008,26/08/2025,Banque,PTF#BA#BANQ#BAN,Dépense & Revenu,FCT.MV-DR,PO-069-11669848154230987,"0,00 €",Oui,27/08/2025,05/09/2025,Réglé,Quotidien / Mode / Vêtements ,C.D-QUO.MO.04,Temu,T#TT-COM-NU-INT#250101#TEMU______,,,
2025-08-26-0-007,26/08/2025,Banque,PTF#BA#BANQ#BAN,Dépense & Revenu,FCT.MV-DR,PO-069-11669848154230987,"3,72 €",Oui,27/08/2025,05/09/2025,Réglé,Quotidien /  Mode / Accessoire Beauté,C.D-QUO.MO.01,Temu,T#TT-COM-NU-INT#250101#TEMU______,,,
2025-08-26-0-006,26/08/2025,Banque,PTF#BA#BANQ#BAN,Dépense & Revenu,FCT.MV-DR,PO-069-11669848154230987,"13,41 €",Oui,27/08/2025,05/09/2025,Réglé,Quotidien / Mode/ Sous-vêtements,C.D-QUO.MO.06,Temu,T#TT-COM-NU-INT#250101#TEMU______,,,
2025-08-26-0-005,26/08/2025,Banque,PTF#BA#BANQ#BAN,Dépense & Revenu,FCT.MV-DR,PO-069-11669848154230987,"3,95 €",Oui,27/08/2025,05/09/2025,Réglé,Quotidien / Consommation / High-Tech,C.D-QUO.CO.05,Temu,T#TT-COM-NU-INT#250101#TEMU______,,Telephone,P#2025TELEPHONE_
2025-08-26-0-004,26/08/2025,Banque,PTF#BA#BANQ#BAN,Dépense & Revenu,FCT.MV-DR,PO-069-11669848154230987,"1,28 €",Oui,27/08/2025,05/09/2025,Réglé,Quotidien / Mode / Vêtements & accessoires à theme,C.D-QUO.MO.05,Temu,T#TT-COM-NU-INT#250101#TEMU______,,,
2025-08-26-0-003,26/08/2025,Banque,PTF#BA#BANQ#BAN,Dépense & Revenu,FCT.MV-DR,PO-069-11669848154230987,"13,42 €",Oui,27/08/2025,05/09/2025,Réglé,Logement / Ameublement & Entretien / Décoration,C.D-LOG.AM.03,Temu,T#TT-COM-NU-INT#250101#TEMU______,,,
2025-08-26-0-002,26/08/2025,Banque,PTF#BA#BANQ#BAN,Dépense & Revenu,FCT.MV-DR,,"49,98 €",Oui,29/08/2025,05/09/2025,Réglé,Quotidien / Consommation / High-Tech,C.D-QUO.CO.05,Intersport - Site Internet,T#TT-COM-NU-INT#250827#INTERSPORT__SIT,Montre - Traceur activité,Sport,P#2025SPORT_____
2025-08-26-0-000,26/08/2025,Espèce,PTF#ES#ESPE#ESP,Dépense & Revenu,FCT.MV-DR,,"9,00 €",N/A,,,Réglé,Quotidien / Transport / Transport en commun,,Imagine - Transport en Commun - Epinal,T#TT-MOB-IN-TRA#250827#IMAGINE__TRANSP,,Loc Epinal,P#2025LOC_EPINAL
2025-08-29-0-001,29/08/2025,Banque,PTF#BA#BANQ#BAN,Dépense & Revenu,FCT.MV-DR,,"48,60 €",Oui,29/08/2025,05/09/2025,Réglé,Quotidien / Consommation / Courses,C.D-QUO.CO.03,Monoprix Epinal,T#TT-COM-DI-SUP#250821#MONOPRIX_EPINAL,,,
2025-08-31-0-001,31/08/2025,Banque,PTF#BA#BANQ#BAN,Dépense & Revenu,FCT.MV-DR,,"115,20 €",Oui,01/09/2025,05/09/2025,Réglé,Quotidien / Consommation / Courses,C.D-QUO.CO.03,Intermarché - Golbey / Epinal,T#TT-COM-DI-SUP#250723#INTERMARCH__GOL,,,
2025-09-01-0-002,01/09/2025,Banque,PTF#BA#BANQ#BAN,Dépense & Revenu,FCT.MV-DR,,"1,00 €",Oui,01/09/2025,05/09/2025,Réglé,Quotidien / Transport / Transport en commun,C.D-QUO.TR.07,Vilvolt,T#TT-MOB-IN-TRA#250901#VILVOLT______,,,
2025-09-01-0-001,01/09/2025,Espèce,PTF#ES#ESPE#ESP,Dépense & Revenu,FCT.MV-DR,,"9,90 €",N/A,,,Réglé,Quotidien / Repas / Repas Midi,C.D-QUO.RE.01,Poulaillon - Boulangerie - epinal,T#TT-COM-RE-BOU#250902#POULAILLON__BOU,,Prise de poste VDE,P#2025PRISE_DE_P
2025-09-02-0-001,02/09/2025,Espèce,PTF#ES#ESPE#ESP,Dépense & Revenu,FCT.MV-DR,,"9,00 €",N/A,,,Réglé,Quotidien / Repas / Repas Midi,C.D-QUO.RE.01,La Boulange Dorée - epinal,T#TT-COM-RE-BOU#250902#LA_BOULANGE_DOR,,Prise de poste VDE,P#2025PRISE_DE_P
2025-09-03-0-002,03/09/2025,Espèce,PTF#ES#ESPE#ESP,Dépense & Revenu,FCT.MV-DR,,"2,60 €",N/A,,,Réglé,Quotidien / Consommation / Courses,,La mie caline,T#TT-COM-RE-BOU#250823#LA_MIE_CALINE__,,Prise de poste VDE,P#2025PRISE_DE_P
2025-09-03-0-001,03/09/2025,Espèce,PTF#ES#ESPE#ESP,Dépense & Revenu,FCT.MV-DR,,"9,90 €",N/A,,,Réglé,Quotidien / Repas / Repas Midi,,Poulaillon - Boulangerie - epinal,T#TT-COM-RE-BOU#250902#POULAILLON__BOU,,Prise de poste VDE,P#2025PRISE_DE_P
2025-09-04-0-002,04/09/2025,Banque,PTF#BA#BANQ#BAN,Dépense & Revenu,FCT.MV-DR,,"1 125,60 €",Oui,04/09/2025,05/09/2025,Réglé,Finance / Social / Chaumage,C.R-FIN.SO.01,France Travail - Pole Emploi,T#TT-PUB-SE-SER#250701#FRANCE_TRAVAIL_,,,
2025-09-04-0-001,04/09/2025,Banque,PTF#BA#BANQ#BAN,Dépense & Revenu,FCT.MV-DR,,"15,90 €",Oui,05/09/2025,05/09/2025,Réglé,Quotidien / Repas / Repas Resto partagés,C.D-QUO.RE.02,Fujiyama - Restaurant,T#TT-COM-RE-RES#250904#FUJIYAMA__RESTA,,Prise de poste VDE,P#2025PRISE_DE_P
2025-09-05-0-000,05/09/2025,Banque,PTF#BA#BANQ#BAN,Dépense & Revenu,FCT.MV-DR,PO-069-04110724538230987,"3,85 €",Oui,08/09/2025,06/10/2025,Réglé,Logement / Ameublement / Accessoires,C.D-LOG.AM.01,Temu,T#TT-COM-NU-INT#250101#TEMU______,,,
2025-09-05-0-013,05/09/2025,Banque,PTF#BA#BANQ#BAN,Dépense & Revenu,FCT.MV-DR,PO-069-04110724538230987,"5,05 €",Oui,08/09/2025,06/10/2025,Réglé,Logement / Ameublement & Entretien / Décoration,C.D-LOG.AM.03,Temu,T#TT-COM-NU-INT#250101#TEMU______,,,
2025-09-05-0-012,05/09/2025,Banque,PTF#BA#BANQ#BAN,Dépense & Revenu,FCT.MV-DR,PO-069-04110724538230987,"9,57 €",Oui,08/09/2025,06/10/2025,Réglé,Quotidien / Consommation / High-Tech,C.D-QUO.CO.05,Temu,T#TT-COM-NU-INT#250101#TEMU______,tapis de sourris,,
2025-09-05-0-011,05/09/2025,Banque,PTF#BA#BANQ#BAN,Dépense & Revenu,FCT.MV-DR,,"69,87 €",Oui,05/09/2025,05/09/2025,Réglé,Santé & Bien-être / Santé / Adhésion mutuelle,C.D-SAN.SA.01,Alptis - Mutuelle santé,T#TT-PUB-SA-MUT#250721#ALPTIS__MUTUELL,,,
2025-09-05-0-010,05/09/2025,Banque,PTF#BA#BANQ#BAN,Dépense & Revenu,FCT.MV-DR,,"128,95 €",Oui,05/09/2025,05/09/2025,Réglé,Quotidien / Abonnement / Internet & Mobile,C.D-QUO.AB.01,Free,T#TT-COM-NU-FOU#250905#FREE______,,Loc Epinal,P#2025LOC_EPINAL
2025-09-05-0-009,05/09/2025,Banque,PTF#BA#BANQ#BAN,Dépense & Revenu,FCT.MV-DR,,"18,00 €",Oui,05/09/2025,05/09/2025,Réglé,Santé & Bien-être / Santé / Remboursement mutuelle,C.R-SAN.SA.04,Alptis - Mutuelle santé,T#TT-PUB-SA-MUT#250721#ALPTIS__MUTUELL,,,
2025-09-05-0-008,05/09/2025,Banque,PTF#BA#BANQ#BAN,Dépense & Revenu,FCT.MV-DR,,"11,45 €",Oui,05/09/2025,05/09/2025,Réglé,Quotidien / Transport / Transport en commun,C.D-QUO.TR.07,Stan Transport en commun  Nancéens ,T#TT-MOB-IN-TRA#250101#STAN_TRANSPORT_,,Papy Villers,P#2025PAPY_VILLE
2025-09-05-0-007,05/09/2025,Banque,PTF#BA#BANQ#BAN,Dépense & Revenu,FCT.MV-DR,,"19,18 €",Oui,05/09/2025,05/09/2025,Réglé,Logement / Charges / Énergie (Élec & Gaz),C.D-LOG.CH.05,EDF & GDF - Electricité & Gaz de France,T#TT-PUB-AS-ELE#250801#EDF__GDF__ELECT,,Loc Epinal,P#2025LOC_EPINAL
2025-09-05-0-006,05/09/2025,Banque,PTF#BA#BANQ#BAN,Dépense & Revenu,FCT.MV-DR,PO-069-04110724538230987,"3,26 €",Oui,08/09/2025,06/10/2025,Réglé,Quotidien / Mode / Vêtements & accessoires à theme,C.D-QUO.MO.05,Temu,T#TT-COM-NU-INT#250101#TEMU______,,Viking,P#2025VIKING____
2025-09-05-0-005,05/09/2025,Banque,PTF#BA#BANQ#BAN,Dépense & Revenu,FCT.MV-DR,PO-069-04110724538230987,"13,12 €",Oui,08/09/2025,06/10/2025,Réglé,Quotidien / Mode/ Sous-vêtements,C.D-QUO.MO.06,Temu,T#TT-COM-NU-INT#250101#TEMU______,,,
2025-09-05-0-004,05/09/2025,Banque,PTF#BA#BANQ#BAN,Dépense & Revenu,FCT.MV-DR,PO-069-04110724538230987,"10,49 €",Oui,08/09/2025,06/10/2025,Réglé,Quotidien / Mode / Vêtements ,C.D-QUO.MO.04,Temu,T#TT-COM-NU-INT#250101#TEMU______,,,
2025-09-05-0-003,05/09/2025,Banque,PTF#BA#BANQ#BAN,Dépense & Revenu,FCT.MV-DR,,"10,90 €",Oui,08/09/2025,06/10/2025,Réglé,Santé & Bien-être / Loisirs Social / Sorties & Repas Perso,C.D-SAN.LO.07,Laos Khao Hom - Epinal Marché couvert,T#TT-COM-RE-RES#250905#LAOS_KHAO_HOM__,,,
2025-09-05-0-002,05/09/2025,Banque,PTF#BA#BANQ#BAN,Dépense & Revenu,FCT.MV-DR,,"10,50 €",Oui,08/09/2025,06/10/2025,Réglé,Quotidien / Repas / Repas Midi,C.D-QUO.RE.01,La Boulange Dorée - epinal,T#TT-COM-RE-BOU#250902#LA_BOULANGE_DOR,,Prise de poste VDE,P#2025PRISE_DE_P
2025-09-05-0-001,05/09/2025,Banque,PTF#BA#BANQ#BAN,Annule Dépense Rembourcement,FCT.MV-AD,PO-069-11669848154230987,"8,18 €",Oui,08/09/2025,06/10/2025,Réglé,Quotidien / Mode/ Sous-vêtements,C.D-QUO.MO.06,Temu,T#TT-COM-NU-INT#250101#TEMU______,,,
2025-09-06-0-004,06/09/2025,Banque,PTF#BA#BANQ#BAN,Transfert & Retraits,FCT.MV-TF,,"100,00 €",Oui,09/09/2025,06/10/2025,Réglé,Finance / Banque / Retrait,C.D-FIN.BA.05,Moi - Portefeuille Especes - mai 25,T#TT-SER-TR-PER#250101#MOI__PORTEFEUIL,,,
2025-09-06-0-000,06/09/2025,Banque,PTF#BA#BANQ#BAN,Dépense & Revenu,FCT.MV-DR,,"660,00 €",Oui,06/09/2025,06/10/2025,Réglé,Logement / Charges / Loyer,C.D-LOG.CH.06,MOUGEL Agnès - Propriétaire,T#TT-SER-IM-PRO#250727#MOUGEL_AGNS__PR,,,
2025-09-06-0-002,06/09/2025,Espèce,PTF#ES#ESPE#ESP,Dépense & Revenu,FCT.MV-DR,,"5,95 €",,,,Réglé,Finance / Revenus Exceptionnels / Pertes & Profits,#N/A,Moi - Portefeuille Especes - mai 25,T#TT-SER-TR-PER#250101#MOI__PORTEFEUIL,,,
2025-09-06-0-001,06/09/2025,Espèce,PTF#ES#ESPE#ESP,Dépense & Revenu,FCT.MV-DR,,"17,14 €",,,,Réglé,Quotidien / Consommation / Courses,C.D-QUO.CO.03,Monoprix Epinal,T#TT-COM-DI-SUP#250821#MONOPRIX_EPINAL,,Loc Epinal,P#2025LOC_EPINAL
2025-09-08-0-000,08/09/2025,Banque,PTF#BA#BANQ#BAN,Dépense & Revenu,FCT.MV-DR,,"15,50 €",Oui,08/09/2025,06/10/2025,Réglé,Quotidien / Consommation / Courses,C.D-QUO.CO.03,Marché - Rotisseries 59 Anor,T#TT-COM-RE-RES#250906#MARCH__ROTISSER,,,
2025-09-08-0-001,08/09/2025,Espèce,PTF#ES#ESPE#ESP,Dépense & Revenu,FCT.MV-DR,,"4,20 €",N/A,,,Réglé,Quotidien / Repas / Repas Midi,C.D-QUO.RE.01,L'Epi Bleu - boulangerie - Epinal,T#TT-COM-RE-BOU#250909#LEPI_BLEU__BOUL,,Prise de poste VDE,P#2025PRISE_DE_P
2025-09-09-0-000,09/09/2025,Espèce,PTF#ES#ESPE#ESP,Dépense & Revenu,FCT.MV-DR,,"12,00 €",N/A,,,Réglé,Quotidien / Repas / Repas Midi,C.D-QUO.RE.01,Antalya Snack - Epinal - Kebab,T#TT-COM-RE-RES#250908#ANTALYA_SNACK__,,Prise de poste VDE,P#2025PRISE_DE_P
2025-09-10-0-002,10/09/2025,Banque,PTF#BA#BANQ#BAN,Dépense & Revenu,,,"23,00 €",Oui,10/09/2025,06/10/2025,Réglé,Santé & Bien-être / Loisirs Social / Dons association,C.D-SAN.LO.03,CIQ - Rive Gauche,T#TT-PUB-CO-ASS#250901#CIQ__RIVE_GAUCH,,,
2025-09-10-0-001,10/09/2025,Banque,PTF#BA#BANQ#BAN,Dépense & Revenu,,,"22,00 €",Oui,10/09/2025,06/10/2025,Réglé,Logement / Charges / Assurance,C.D-LOG.CH.01,Maaf Assurance - Epinal,T#TT-PUB-CO-GAR#250801#MAAF_ASSURANCE_,,,
2025-09-11-0-005,11/09/2025,Banque,PTF#BA#BANQ#BAN,Dépense & Revenu,,,"63,32 €",Oui,12/09/2025,06/10/2025,Réglé,Quotidien / Consommation / Courses,C.D-QUO.CO.03,Intermarché - Golbey / Epinal,T#TT-COM-DI-SUP#250723#INTERMARCH__GOL,,Loc Epinal,P#2025LOC_EPINAL
2025-09-11-0-004,11/09/2025,Banque,PTF#BA#BANQ#BAN,Dépense & Revenu,,,"11,50 €",Oui,12/09/2025,06/10/2025,Réglé,Quotidien / Repas / Repas Resto partagés,C.D-QUO.RE.02,L'Atelier Pizza - Epinal,T#TT-COM-RE-RES#250911#LATELIER_PIZZA_,,Prise de poste VDE,P#2025PRISE_DE_P
2025-09-11-0-003,11/09/2025,Banque,PTF#BA#BANQ#BAN,Dépense & Revenu,,,"10,49 €",Oui,11/09/2025,06/10/2025,Réglé,Quotidien / Correspondance / Affranchissement,C.D-QUO.CO.09,La poste online,T#TT-PUB-AS-POS#250901#LA_POSTE_ONLINE,,,
2025-09-11-0-002,11/09/2025,Banque,PTF#BA#BANQ#BAN,Dépense & Revenu,,,"6,00 €",Oui,11/09/2025,06/10/2025,Réglé,Quotidien / Transport / Transport en commun,C.D-QUO.TR.07,SNCF - Train & Bus,T#TT-MOB-IN-TRA#250809#SNCF__TRAIN__BU,,,
2025-09-11-0-000,11/09/2025,Espèce,PTF#ES#ESPE#ESP,Dépense & Revenu,FCT.MV-DR,,"1,40 €",N/A,,,Réglé,Quotidien / Consommation / Courses,,"Boulangerie Maison Charlise, Epinal",T#TT-COM-RE-BOU#250724#BOULANGERIE_MAI,,,
2025-09-12-0-003,12/09/2025,Banque,PTF#BA#BANQ#BAN,Dépense & Revenu,,,"23,90 €",Oui,15/09/2025,06/10/2025,Réglé,Quotidien / Repas / Repas Resto partagés,C.D-QUO.RE.02,The Place To Be - Epinal,T#TT-COM-RE-RES#250912#THE_PLACE_TO_BE,,Prise de poste VDE,P#2025PRISE_DE_P
2025-09-12-0-002,12/09/2025,Banque,PTF#BA#BANQ#BAN,Dépense & Revenu,,,"2,99 €",Oui,12/09/2025,06/10/2025,Réglé,Quotidien / Transport / Transport en commun,C.D-QUO.TR.07,SNCF - Train & Bus,T#TT-MOB-IN-TRA#250809#SNCF__TRAIN__BU,,,
2025-09-12-0-000,12/09/2025,Espèce,PTF#ES#ESPE#ESP,Dépense & Revenu,,,"6,00 €",N/A,,,Réglé,Santé & Bien-être / Loisirs Social / Dons association,,A un point Près - MTL - Heillecourt,T#TT-PUB-CO-ASS#250913#A_UN_POINT_PRS_,,,
2025-09-13-1-001,13/09/2025,Banque,PTF#BA#BANQ#BAN,Dépense & Revenu,,,"13,90 €",,,,Dû,Santé & Bien-être / Loisirs Social / Jeux de Société,C.D-SAN.LO.04,La caverne du Goblin - MTL - Heillecourt,T#TT-COM-LO-JEU#250913#LA_CAVERNE_DU_G,,Jeux de Société,P#2025JEUX_DE_SO
2025-09-13-0-000,13/09/2025,Espèce,PTF#ES#ESPE#ESP,Dépense & Revenu,,,"4,00 €",N/A,,,Réglé,Santé & Bien-être / Loisirs Social / Dons association,,A un point Près - MTL - Heillecourt,T#TT-PUB-CO-ASS#250913#A_UN_POINT_PRS_,,,
2025-09-14-0-001,14/09/2025,Banque,,Dépense & Revenu,,,"20,00 €",Oui,15/09/2025,06/10/2025,Réglé,Quotidien / Repas / Repas Midi,C.D-QUO.RE.01,Feuillette - Boulangerie - Heilliecourt,T#TT-COM-RE-BOU#250915#FEUILLETTE__BOU,,Rencontre,P#2025RENCONTRE_
2025-09-15-0-003,15/09/2025,Banque,,Dépense & Revenu,,,"80,98 €",Oui,16/09/2025,06/10/2025,Réglé,Quotidien / Consommation / High-Tech,C.D-QUO.CO.05,Vepee,T#TT-COM-NU-INT#250901#VEPEE______,,,
2025-09-15-0-002,15/09/2025,Banque,,Dépense & Revenu,,,"16,30 €",Oui,16/09/2025,06/10/2025,Réglé,Quotidien / Repas / Repas Midi,C.D-QUO.RE.01,Poulaillon - Boulangerie - epinal,T#TT-COM-RE-BOU#250902#POULAILLON__BOU,,Prise de poste VDE,P#2025PRISE_DE_P
2025-09-15-0-001,15/09/2025,Banque,,Dépense & Revenu,,,"7,79 €",Oui,15/09/2025,06/10/2025,Réglé,Quotidien / Transport / Transport en commun,C.D-QUO.TR.07,BlaBlaCar,T#TT-MOB-IN-TRA#250901#BLABLACAR______,,,
2025-09-16-0-002,16/09/2025,Banque,,Dépense & Revenu,,,"13,00 €",Oui,17/09/2025,06/10/2025,Réglé,Quotidien / Repas / Repas Midi,C.D-QUO.RE.01,Mama Noi - Epinal,T#TT-COM-RE-RES#250912#MAMA_NOI__EPINA,,Prise de poste VDE,P#2025PRISE_DE_P
2025-09-16-0-001,16/09/2025,Banque,,Dépense & Revenu,,,"8,50 €",Oui,16/09/2025,06/10/2025,Réglé,Quotidien / Repas / Repas Midi,C.D-QUO.RE.01,Made In France Heilliecourt,T#TT-COM-RE-RES#250915#MADE_IN_FRANCE_,,,
2025-09-17-0-002,17/09/2025,Banque,,Dépense & Revenu,,,"10,50 €",Oui,18/09/2025,06/10/2025,Réglé,Quotidien / Repas / Repas Midi,C.D-QUO.RE.01,La Boulange Dorée - epinal,T#TT-COM-RE-BOU#250902#LA_BOULANGE_DOR,,Prise de poste VDE,P#2025PRISE_DE_P
2025-09-17-0-001,17/09/2025,Banque,,Dépense & Revenu,,,"6,00 €",Oui,17/09/2025,06/10/2025,Réglé,Quotidien / Transport / Transport en commun,C.D-QUO.TR.07,SNCF - Train & Bus,T#TT-MOB-IN-TRA#250809#SNCF__TRAIN__BU,,,
2025-09-18-0-002,18/09/2025,Banque,,Dépense & Revenu,,,"15,90 €",Oui,19/09/2025,06/10/2025,Réglé,Quotidien / Repas / Repas Resto partagés,C.D-QUO.RE.02,Fujiyama - Restaurant,T#TT-COM-RE-RES#250904#FUJIYAMA__RESTA,,Prise de poste VDE,P#2025PRISE_DE_P
2025-09-18-0-001,18/09/2025,Banque,,Dépense & Revenu,,,"11,50 €",Oui,19/09/2025,06/10/2025,Réglé,Santé & Bien-être / Loisirs Social / Sorties & Repas Perso,C.D-SAN.LO.07,Mama Noi - Epinal,T#TT-COM-RE-RES#250912#MAMA_NOI__EPINA,,,
2025-09-19-0-002,19/09/2025,Banque,,Dépense & Revenu,,,"9,99 €",Oui,19/09/2025,06/10/2025,Réglé,Quotidien / Abonnement / Internet & Mobile,C.D-QUO.AB.01,Free,T#TT-COM-NU-FOU#250905#FREE______,,Telephone,P#2025TELEPHONE_
2025-09-19-0-000,19/09/2025,Espèce,,Dépense & Revenu,,,"20,00 €",,,,Réglé,Santé & Bien-être / Loisirs Social / Adhésion association,,A un point Près - MTL - Heillecourt,T#TT-PUB-CO-ASS#250913#A_UN_POINT_PRS_,,Jeux de Société,P#2025JEUX_DE_SO
2025-09-20-0-005,20/09/2025,Banque,,Dépense & Revenu,,,"9,00 €",Oui,20/09/2025,06/10/2025,Réglé,Quotidien / Repas / Repas Midi,C.D-QUO.RE.01,Antalya Snack - Epinal - Kebab,T#TT-COM-RE-RES#250908#ANTALYA_SNACK__,,Prise de poste VDE,P#2025PRISE_DE_P
2025-09-20-0-004,20/09/2025,Banque,,Transfert & Retraits,,,"90,00 €",Oui,20/09/2025,06/10/2025,Réglé,Finance / Banque / Retrait,C.D-FIN.BA.05,Moi - Portefeuille Especes - mai 25,T#TT-SER-TR-PER#250101#MOI__PORTEFEUIL,,,
2025-09-20-0-003,20/09/2025,Espèce,,Dépense & Revenu,,,"24,50 €",,,,Réglé,Quotidien / Repas / Repas Resto partagés,,Restaurant - Yom Thaï Food - Nancy,T#TT-COM-RE-RES#250620#RESTAURANT__YOM,,,
2025-09-20-0-002,20/09/2025,Espèce,,Dépense & Revenu,,,"5,50 €",,,,Réglé,Santé & Bien-être / Loisirs Social / Dons association,,La Feinte de l'ours,T#TT-PUB-CO-ASS#250101#LA_FEINTE_DE_LO,,,
2025-09-20-0-001,20/09/2025,Espèce,,Dépense & Revenu,,,"10,00 €",,,,Réglé,Santé & Bien-être / Loisirs Social / Adhésion association,,La Feinte de l'ours,T#TT-PUB-CO-ASS#250101#LA_FEINTE_DE_LO,,Jeux de Société,P#2025JEUX_DE_SO
2025-09-21-0-001,21/09/2025,Banque,,Dépense & Revenu,,,"588,99 €",Oui,23/09/2025,06/10/2025,Réglé,Santé & Bien-être / Loisirs Social / Autre Loisirs,C.D-SAN.LO.06,Le bon coin,T#TT-COM-NU-INT#250901#LE_BON_COIN____,,,
2025-09-22-0-003,22/09/2025,Banque,,Dépense & Revenu,,,"10,00 €",Oui,23/09/2025,06/10/2025,Réglé,Quotidien / Repas / Repas Midi,C.D-QUO.RE.01,La Boulange Dorée - epinal,T#TT-COM-RE-BOU#250902#LA_BOULANGE_DOR,,Prise de poste VDE,P#2025PRISE_DE_P
2025-09-22-0-002,22/09/2025,Banque,,Dépense & Revenu,,,"90,59 €",Oui,23/09/2025,06/10/2025,Réglé,Quotidien / Consommation / Courses,C.D-QUO.CO.03,Monoprix Epinal,T#TT-COM-DI-SUP#250821#MONOPRIX_EPINAL,,,
2025-09-22-0-000,22/09/2025,Espèce,,Dépense & Revenu,,,"5,00 €",,,,Réglé,Santé & Bien-être / Loisirs Social / Adhésion association,,Pl'asso Jeu,T#TT-PUB-CO-ASS#250901#PLASSO_JEU_____,,Jeux de Société,P#2025JEUX_DE_SO
2025-09-23-0-003,23/09/2025,Banque,,Dépense & Revenu,,,"18,90 €",Oui,24/09/2025,06/10/2025,Réglé,Quotidien / Repas / Repas Resto partagés,C.D-QUO.RE.02,The Place To Be - Epinal,T#TT-COM-RE-RES#250912#THE_PLACE_TO_BE,,Prise de poste VDE,P#2025PRISE_DE_P
2025-09-23-0-000,23/09/2025,Banque,,Dépense & Revenu,,,"12,89 €",Oui,24/09/2025,06/10/2025,Réglé,Quotidien / Consommation / Courses,C.D-QUO.CO.03,Monoprix Epinal,T#TT-COM-DI-SUP#250821#MONOPRIX_EPINAL,,,
2025-09-23-0-001,23/09/2025,Banque,,Dépense & Revenu,,,"5,99 €",Oui,23/09/2025,06/10/2025,Réglé,Quotidien / Transport / Transport en commun,C.D-QUO.TR.07,BlaBlaCar,T#TT-MOB-IN-TRA#250901#BLABLACAR______,,,
2025-09-24-0-000,24/09/2025,Banque,,Dépense & Revenu,,,"10,50 €",Oui,25/09/2025,06/10/2025,Réglé,Quotidien / Repas / Repas Midi,C.D-QUO.RE.01,La Boulange Dorée - epinal,T#TT-COM-RE-BOU#250902#LA_BOULANGE_DOR,,Prise de poste VDE,P#2025PRISE_DE_P
2025-09-24-0-000,24/09/2025,Banque,,Dépense & Revenu,,,"10,00 €",Oui,24/09/2025,06/10/2025,Réglé,Quotidien / Repas / Repas Midi,C.D-QUO.RE.01,La Boulange Dorée - epinal,T#TT-COM-RE-BOU#250902#LA_BOULANGE_DOR,,Prise de poste VDE,P#2025PRISE_DE_P
2025-09-24-0-000,24/09/2025,Banque,,Dépense & Revenu,,,"2 900,94 €",Oui,24/09/2025,06/10/2025,Réglé,Finance / Professionnel /  Salaire,C.R-FIN.PR.04,Ville d'Epinal,T#TT-SER-TR-EMP#250901#VILLE_DEPINAL__,,,
2025-09-25-0-003,25/09/2025,Banque,,Dépense & Revenu,,,"9,00 €",Oui,26/09/2025,06/10/2025,Réglé,Quotidien / Loisir récréatif / Cinéma (solo),C.D-QUO.LO.01,Cinéma - CINÉS PALACE Epinal,T#TT-COM-LO-CIN#250720#CINMA__CINS_PAL,Dean slayer,,
2025-09-25-0-002,25/09/2025,Banque,,Dépense & Revenu,,,"7,00 €",Oui,26/09/2025,06/10/2025,Réglé,Quotidien / Consommation / Courses,C.D-QUO.CO.03,Monoprix Epinal,T#TT-COM-DI-SUP#250821#MONOPRIX_EPINAL,,,
2025-09-25-0-001,25/09/2025,Banque,,Dépense & Revenu,,,"11,00 €",Oui,26/09/2025,06/10/2025,Réglé,Quotidien / Repas / Repas Midi,C.D-QUO.RE.01,The Place To Be - Epinal,T#TT-COM-RE-RES#250912#THE_PLACE_TO_BE,,,
2025-09-26-0-003,26/09/2025,Banque,,Dépense & Revenu,,,"11,90 €",Oui,30/09/2025,06/10/2025,Réglé,Quotidien / Repas / Repas Midi,C.D-QUO.RE.01,Smash Naan Game,T#TT-COM-RE-RES#250901#SMASH_NAAN_GAME,,Prise de poste VDE,P#2025PRISE_DE_P
2025-09-26-0-002,26/09/2025,Banque,,Dépense & Revenu,,,"22,00 €",Oui,29/09/2025,06/10/2025,Réglé,Quotidien / Repas / Repas Resto partagés,C.D-QUO.RE.02,L'Atelier Pizza - Epinal,T#TT-COM-RE-RES#250911#LATELIER_PIZZA_,,,
2025-09-26-0-003,26/09/2025,Espèce,,Dépense & Revenu,,,"2,20 €",N/A,,,Réglé,Quotidien / Consommation / Courses,,La mie caline,T#TT-COM-RE-BOU#250823#LA_MIE_CALINE__,,,
2025-09-27-0-008,27/09/2025,Banque,,Dépense & Revenu,,PO-069-05570911463030987,"24,72 €",Oui,29/09/2025,06/10/2025,Réglé,Quotidien / Cadeaux / Cadeaux Famille,C.D-QUO.CA.03,Temu,T#TT-COM-NU-INT#250101#TEMU______,,,
2025-09-27-0-007,27/09/2025,Banque,,Dépense & Revenu,,PO-069-05571016320630987,"58,98 €",Oui,29/09/2025,06/10/2025,Réglé,Quotidien / Mode / Vêtements ,C.D-QUO.MO.04,Temu,T#TT-COM-NU-INT#250101#TEMU______,,,
2025-09-27-0-006,27/09/2025,Banque,,Dépense & Revenu,,PO-069-05571016320630987,"38,55 €",Oui,29/09/2025,06/10/2025,Réglé,Quotidien / Mode / Vêtements & accessoires à theme,C.D-QUO.MO.05,Temu,T#TT-COM-NU-INT#250101#TEMU______,,,
2025-09-27-0-005,27/09/2025,Banque,,Dépense & Revenu,,PO-069-05571016320630987,"5,48 €",Oui,29/09/2025,06/10/2025,Réglé,Quotidien /  Mode / Accessoire Beauté,C.D-QUO.MO.01,Temu,T#TT-COM-NU-INT#250101#TEMU______,,,
2025-09-27-0-004,27/09/2025,Banque,,Dépense & Revenu,,PO-069-05571016320630987,"18,00 €",Oui,29/09/2025,06/10/2025,Réglé,Quotidien / Mode/ Sous-vêtements,C.D-QUO.MO.06,Temu,T#TT-COM-NU-INT#250101#TEMU______,,,
2025-09-27-0-003,27/09/2025,Banque,,Dépense & Revenu,,,"13,30 €",Oui,29/09/2025,06/10/2025,Réglé,Quotidien / Consommation / Courses,C.D-QUO.CO.03,Marché - Bonbons des hautes Vosges,T#TT-COM-RE-SUC#250901#MARCH__BONBONS_,,,
2025-09-27-0-002,27/09/2025,Banque,,Dépense & Revenu,,,"21,50 €",Oui,29/09/2025,06/10/2025,Réglé,Santé & Bien-être / Loisirs Social / Sorties & Repas Perso,C.D-SAN.LO.07,Margorie & co.,T#TT-COM-RE-BAR#250901#MARGORIE__CO___,,,
2025-09-27-0-001,27/09/2025,Banque,,Dépense & Revenu,,,"20,30 €",Oui,29/09/2025,06/10/2025,Réglé,Santé & Bien-être / Loisirs Social / Sorties & Repas Perso,C.D-SAN.LO.07,Green Bagel Café - Epinal,T#TT-COM-RE-BAR#250723#GREEN_BAGEL_CAF,,,
2025-09-29-0-003,29/09/2025,Banque,,Dépense & Revenu,,,"10,00 €",Oui,30/09/2025,06/10/2025,Réglé,Quotidien / Repas / Repas Midi,C.D-QUO.RE.01,La Boulange Dorée - epinal,T#TT-COM-RE-BOU#250902#LA_BOULANGE_DOR,,Prise de poste VDE,P#2025PRISE_DE_P
2025-09-29-0-003,29/09/2025,Banque,PTF#BA#BANQ#BAN,Dépense & Revenu,,,"23,00 €",Oui,30/09/2025,06/10/2025,Réglé,Santé & Bien-être / Loisirs Social / Dons association,C.D-SAN.LO.03,CIQ - Rive Gauche,T#TT-PUB-CO-ASS#250901#CIQ__RIVE_GAUCH,,,
2025-09-29-0-003,29/09/2025,Banque,,Dépense & Revenu,,,"8,60 €",Oui,29/09/2025,06/10/2025,Réglé,Quotidien / Famille / Voyage,C.D-QUO.FA.04,SNCF - Train & Bus,T#TT-MOB-IN-TRA#250809#SNCF__TRAIN__BU,,,
2025-09-30-0-002,30/09/2025,Banque,,Dépense & Revenu,,,"8,00 €",Oui,01/10/2025,06/10/2025,Réglé,Quotidien / Repas / Repas Midi,C.D-QUO.RE.01,boulangerie Nedelec - Epinal,T#TT-COM-RE-BOU#250901#BOULANGERIE_NED,,,
2025-09-30-0-002,30/09/2025,Espèce,,Dépense & Revenu,,,"2,20 €",N/A,,,Réglé,Quotidien / Consommation / Courses,,"Boulangerie Maison Charlise, Epinal",T#TT-COM-RE-BOU#250724#BOULANGERIE_MAI,,,
2025-10-01-0-002,01/10/2025,Banque,,Dépense & Revenu,,AirBnB-oct25,"35,16 €",Oui,02/10/2025,06/10/2025,Réglé,Quotidien / Famille / Voyage,C.D-QUO.FA.04,AirBnb - Ventron - Pims,T#TT-SER-IM-PRO#251001#AIRBNB__VENTRON,,,
2025-10-01-0-001,01/10/2025,Banque,,Dépense & Revenu,,AirBnB-oct25,"111,05 €",Oui,02/10/2025,06/10/2025,Réglé,Logement / Charges / Loyer,C.D-LOG.CH.06,AirBnB,T#TT-COM-NU-INT#250719#AIRBNB______,,,
2025-10-02-0-003,02/10/2025,Banque,,Dépense & Revenu,,,"10,00 €",Oui,06/10/2025,05/11/2025,Réglé,Santé & Bien-être / Loisirs Social / Sorties & Repas Perso,C.D-SAN.LO.07,La Casa Del Professor,T#TT-COM-RE-RES#251001#LA_CASA_DEL_PRO,,,
2025-10-02-0-003,02/10/2025,Banque,,Dépense & Revenu,,,"11,50 €",Oui,03/10/2025,06/10/2025,Réglé,Quotidien / Repas / Repas Midi,C.D-QUO.RE.01,Mama Noi - Epinal,T#TT-COM-RE-RES#250912#MAMA_NOI__EPINA,,Prise de poste VDE,P#2025PRISE_DE_P
2025-10-02-0-003,02/10/2025,Banque,,Dépense & Revenu,,,"10,00 €",Oui,02/10/2025,06/10/2025,Réglé,Quotidien / Repas / Repas Midi,C.D-QUO.RE.01,La Boulange Dorée - epinal,T#TT-COM-RE-BOU#250902#LA_BOULANGE_DOR,,,
2025-10-05-0-001,05/10/2025,Banque,,Dépense & Revenu,,,"31,20 €",Oui,07/10/2025,05/11/2025,Réglé,Quotidien / Repas / Repas Resto partagés,C.D-QUO.RE.02,Le Ch'timi - Bar - Nancy,T#TT-COM-RE-BAR#251001#LE_CHTIMI__BAR_,,,
2025-10-06-0-010,06/10/2025,Banque,,Dépense & Revenu,,,"149,99 €",Oui,07/10/2025,05/11/2025,Réglé,Quotidien / Consommation / Courses,C.D-QUO.CO.03,Monoprix Epinal,T#TT-COM-DI-SUP#250821#MONOPRIX_EPINAL,,,
2025-10-06-0-010,06/10/2025,Banque,,Dépense & Revenu,,,"28,90 €",Oui,07/10/2025,05/11/2025,Réglé,Quotidien / Repas / Repas Midi,C.D-QUO.RE.01,Fête Forraine - Restauration,T#TT-COM-RE-RES#251006#FTE_FORRAINE__R,,Prise de poste VDE,P#2025PRISE_DE_P
2025-10-06-0-010,06/10/2025,Banque,Dépense & Revenu,Dépense & Revenu,,,"45,00 €",Oui,06/10/2025,05/11/2025,Réglé,Quotidien / Transport / Vélo libre service,C.D-QUO.TR.08,"Agglo d""Epinal",T#TT-PUB-SE-COL#250901#AGGLO_DEPINAL__,,,
2025-10-06-0-010,06/10/2025,Banque,,Dépense & Revenu,,,"20,00 €",Oui,06/10/2025,05/11/2025,Réglé,Quotidien / Cadeaux / Cadeaux Amis,C.D-QUO.CA.02,La comédie des Fleurs,T#TT-COM-SP-FLE#251001#LA_COMDIE_DES_F,,,
2025-10-06-0-010,06/10/2025,Banque,,Dépense & Revenu,,,"193,95 €",Oui,06/10/2025,05/11/2025,Réglé,Santé & Bien-être / Loisirs Social / Jeux de Société,C.D-SAN.LO.04,Iello,T#TT-COM-LO-JEU#251001#IELLO______,,,
2025-10-06-0-010,06/10/2025,Banque,,Dépense & Revenu,,,"1,00 €",Oui,06/10/2025,05/11/2025,Réglé,Quotidien / Transport / Vélo libre service,C.D-QUO.TR.08,Vilvolt,T#TT-MOB-IN-TRA#250901#VILVOLT______,,,
2025-10-06-0-010,06/10/2025,Banque,,Dépense & Revenu,,,"58,99 €",Oui,06/10/2025,05/11/2025,Réglé,Quotidien / Abonnement / Internet & Mobile,C.D-QUO.AB.01,Free,T#TT-COM-NU-FOU#250905#FREE______,,,
2025-10-06-0-010,06/10/2025,Banque,,Dépense & Revenu,,,"660,00 €",Oui,06/10/2025,05/11/2025,Réglé,Logement / Charges / Loyer,C.D-LOG.CH.06,MOUGEL Agnès - Propriétaire,T#TT-SER-IM-PRO#250727#MOUGEL_AGNS__PR,,,
2025-10-06-0-010,06/10/2025,Banque,,Dépense & Revenu,,,"2,40 €",Oui,06/10/2025,05/11/2025,Réglé,Quotidien / Transport / Transport en commun,C.D-QUO.TR.07,Stan Transport en commun  Nancéens ,T#TT-MOB-IN-TRA#250101#STAN_TRANSPORT_,,,
2025-10-06-0-010,06/10/2025,Banque,,Dépense & Revenu,,,"69,87 €",Oui,06/10/2025,05/11/2025,Réglé,Santé & Bien-être / Santé / Adhésion mutuelle,C.D-SAN.SA.01,Alptis - Mutuelle santé,T#TT-PUB-SA-MUT#250721#ALPTIS__MUTUELL,,,
2025-10-07-0-003,07/10/2025,Banque,,Dépense & Revenu,,,"1,00 €",Oui,07/10/2025,05/11/2025,Réglé,Quotidien / Transport / Péages & Parkings,C.D-QUO.TR.06,Parking Pichon / Pl des Vosges - Nancy,T#TT-MOB-IN-PAR#251001#PARKING_PICHON_,,,
2025-10-07-0-003,07/10/2025,Banque,,Dépense & Revenu,,,"127,00 €",Oui,07/10/2025,05/11/2025,Réglé,Logement / Charges / Énergie (Élec & Gaz),C.D-LOG.CH.05,EDF & GDF - Electricité & Gaz de France,T#TT-PUB-AS-ELE#250801#EDF__GDF__ELECT,,,
2025-10-07-0-003,07/10/2025,Banque,,Dépense & Revenu,,,"10,50 €",Oui,07/10/2025,05/11/2025,Réglé,Quotidien / Repas / Repas Midi,C.D-QUO.RE.01,La Boulange Dorée - epinal,T#TT-COM-RE-BOU#250902#LA_BOULANGE_DOR,,Prise de poste VDE,P#2025PRISE_DE_P
2025-10-08-0-001,08/10/2025,Banque,,Dépense & Revenu,,,"11,50 €",Oui,09/10/2025,05/11/2025,Réglé,Quotidien / Repas / Repas Midi,C.D-QUO.RE.01,Mama Noi - Epinal,T#TT-COM-RE-RES#250912#MAMA_NOI__EPINA,,Prise de poste VDE,P#2025PRISE_DE_P
2025-10-09-0-002,09/10/2025,Banque,,Dépense & Revenu,,,"9,50 €",Oui,13/10/2025,05/11/2025,Réglé,Quotidien / Correspondance / Documents,C.D-QUO.CO.08,D'Click Studio - Epinal,T#TT-COM-SP-COR#251006#DCLICK_STUDIO__,photo identité,,
2025-10-09-0-001,09/10/2025,Banque,,Dépense & Revenu,,,"176,95 €",Oui,13/10/2025,05/11/2025,Réglé,Quotidien / Famille / Sport,C.D-QUO.FA.01,Décathlon - Epinal,T#TT-COM-SP-SPO#251006#DCATHLON__EPINA,,,
2025-10-10-0-001,10/10/2025,Banque,,Dépense & Revenu,,,"14,80 €",Oui,13/10/2025,05/11/2025,Réglé,Quotidien / Repas / Repas Midi,C.D-QUO.RE.01,Fujiyama - Restaurant,T#TT-COM-RE-RES#250904#FUJIYAMA__RESTA,,,
2025-10-11-0-006,11/10/2025,Espèce,,Dépense & Revenu,,,"46,00 €",N/A,,,Réglé,Santé & Bien-être / Loisirs Social / Attractions,,Fête Forraine - Attraction,T#TT-COM-LO-ATT#250901#FTE_FORRAINE__A,,,
2025-10-11-0-006,11/10/2025,Espèce,,Dépense & Revenu,,,"16,00 €",N/A,,,Réglé,Quotidien / Repas / Repas Resto partagés,,Fête Forraine - Restauration,T#TT-COM-RE-RES#251006#FTE_FORRAINE__R,,,
2025-10-11-0-006,11/10/2025,Banque,,Dépense & Revenu,,,"59,02 €",Oui,13/10/2025,05/11/2025,Réglé,Quotidien / Consommation / Courses,C.D-QUO.CO.03,Monoprix Epinal,T#TT-COM-DI-SUP#250821#MONOPRIX_EPINAL,,,
2025-10-11-0-006,11/10/2025,Banque,,Dépense & Revenu,,,"10,40 €",Oui,13/10/2025,05/11/2025,Réglé,Quotidien / Consommation / Courses,C.D-QUO.CO.03,"Boulangerie Maison Charlise, Epinal",T#TT-COM-RE-BOU#250724#BOULANGERIE_MAI,,,
2025-10-11-0-002,11/10/2025,Banque,,Dépense & Revenu,,,"13,50 €",Oui,13/10/2025,05/11/2025,Réglé,Santé & Bien-être / Loisirs Social / Autre Loisirs,C.D-SAN.LO.06,BMI - Bibliothèque Epinal,T#TT-PUB-SE-AUT#251001#BMI__BIBLIOTHQU,,,
2025-10-11-0-006,11/10/2025,Banque,,Dépense & Revenu,,,"90,00 €",Oui,11/10/2025,05/11/2025,Réglé,Finance / Banque / Retrait,C.D-FIN.BA.05,Moi - Portefeuille Especes - mai 25,T#TT-SER-TR-PER#250101#MOI__PORTEFEUIL,,,
2025-10-12-0-003,12/10/2025,Banque,,Dépense & Revenu,,402-4069385-2766744,"69,99 €",Oui,15/10/2025,05/11/2025,Réglé,Quotidien / Consommation / High-Tech,C.D-QUO.CO.05,Amazon - France,T#TT-COM-NU-INT#251012#AMAZON__FRANCE_,Montre Connecté N°2,,
2025-10-12-0-003,12/10/2025,Banque,,Dépense & Revenu,,402-4069385-2766744,"9,99 €",Oui,15/10/2025,05/11/2025,Réglé,"Quotidien / Consommation / Multimédia (CD, DVD)",C.D-QUO.CO.06,Amazon - France,T#TT-COM-NU-INT#251012#AMAZON__FRANCE_,,,
2025-10-12-0-003,12/10/2025,Banque,,Annule Dépense Rembourcement,,PO-069-05571016320630987,"14,14 €",Oui,14/10/2025,05/11/2025,Réglé,Quotidien / Mode / Vêtements & accessoires à theme,C.D-QUO.MO.05,Temu,T#TT-COM-NU-INT#250101#TEMU______,,,
2025-10-14-0-001,14/10/2025,Banque,,Dépense & Revenu,,,"11,50 €",Oui,14/10/2025,05/11/2025,Réglé,Quotidien / Repas / Repas Midi,C.D-QUO.RE.01,Mama Noi - Epinal,T#TT-COM-RE-RES#250912#MAMA_NOI__EPINA,,,
2025-10-15-0-004,15/10/2025,Banque,,Dépense & Revenu,,,"80,97 €",Oui,15/10/2025,05/11/2025,Réglé,Quotidien / Consommation / High-Tech,C.D-QUO.CO.05,Vepee,T#TT-COM-NU-INT#250901#VEPEE______,,,
2025-10-15-0-004,15/10/2025,Banque,,Dépense & Revenu,,,"14,60 €",Oui,15/10/2025,05/11/2025,Réglé,Quotidien / Transport / Transport en commun,C.D-QUO.TR.07,SNCF - Train & Bus,T#TT-MOB-IN-TRA#250809#SNCF__TRAIN__BU,,,
2025-10-15-0-004,15/10/2025,Banque,,Dépense & Revenu,,,"25,00 €",Oui,15/10/2025,05/11/2025,Réglé,Quotidien / Transport / Transport en commun,C.D-QUO.TR.07,RATP,T#TT-MOB-IN-TRA#250901#RATP______,,,
2025-10-15-0-004,15/10/2025,Banque,,Dépense & Revenu,,,"80,97 €",Oui,15/10/2025,05/11/2025,Réglé,Quotidien / Consommation / High-Tech,C.D-QUO.CO.05,Vepee,T#TT-COM-NU-INT#250901#VEPEE______,,,
2025-10-16-0-002,16/10/2025,Banque,,Dépense & Revenu,,,"10,00 €",Oui,16/10/2025,05/11/2025,Réglé,Quotidien / Repas / Repas Midi,C.D-QUO.RE.01,La Boulange Dorée - epinal,T#TT-COM-RE-BOU#250902#LA_BOULANGE_DOR,,,
2025-10-16-0-002,16/10/2025,Banque,,Dépense & Revenu,,PO-069-05571016320630987,"9,77 €",Oui,16/10/2025,05/11/2025,Réglé,Quotidien / Mode / Vêtements & accessoires à theme,C.D-QUO.MO.05,Temu,T#TT-COM-NU-INT#250101#TEMU______,,,
2025-10-17-0-001,17/10/2025,Banque,,Dépense & Revenu,,,"9,99 €",Oui,17/10/2025,05/11/2025,Réglé,Quotidien / Abonnement / Internet & Mobile,C.D-QUO.AB.01,Free,T#TT-COM-NU-FOU#250905#FREE______,,,
2025-10-20-0-002,20/10/2025,Banque,,Dépense & Revenu,,,"23,40 €",Oui,20/10/2025,05/11/2025,Réglé,Quotidien / Transport / Transport en commun,C.D-QUO.TR.07,SNCF - Train & Bus,T#TT-MOB-IN-TRA#250809#SNCF__TRAIN__BU,,,
2025-10-20-0-002,20/10/2025,Banque,,Dépense & Revenu,,,"14,00 €",Oui,20/10/2025,05/11/2025,Réglé,Quotidien / Repas / Repas Midi,C.D-QUO.RE.01,Le P'tit Resto D'Aldo,T#TT-COM-RE-RES#251001#LE_PTIT_RESTO_D,,,
2025-10-21-0-007,21/10/2025,Espèce,,Dépense & Revenu,,,"100,00 €",,,,Réglé,Finance / Revenus Exceptionnels / Divers,,Le bon coin,T#TT-COM-NU-INT#250901#LE_BON_COIN____,Vente Switch,,
2025-10-21-0-007,21/10/2025,Banque,,Dépense & Revenu,,,"22,90 €",Oui,23/10/2025,05/11/2025,Réglé,Quotidien / Repas / Repas Midi,C.D-QUO.RE.01,Le Grand China ,T#TT-COM-RE-RES#250720#LE_GRAND_CHINA_,,Prise de poste VDE,P#2025PRISE_DE_P
2025-10-21-0-007,21/10/2025,Banque,,Annule Dépense Rembourcement,,PO-069-05571016320630987,"5,48 €",Oui,22/10/2025,05/11/2025,Réglé,Quotidien /  Mode / Accessoire Beauté,C.D-QUO.MO.01,Temu,T#TT-COM-NU-INT#250101#TEMU______,,,
2025-10-21-0-007,21/10/2025,Banque,,Annule Dépense Rembourcement,,PO-069-05571016320630987,"15,39 €",Oui,22/10/2025,05/11/2025,Réglé,Quotidien / Mode / Vêtements ,C.D-QUO.MO.04,Temu,T#TT-COM-NU-INT#250101#TEMU______,,,
2025-10-21-0-007,21/10/2025,Banque,,Annule Dépense Rembourcement,,PO-069-05571016320630987,"6,02 €",Oui,22/10/2025,05/11/2025,Réglé,Quotidien / Mode / Vêtements & accessoires à theme,C.D-QUO.MO.05,Temu,T#TT-COM-NU-INT#250101#TEMU______,,,
2025-10-21-0-007,21/10/2025,Banque,,Dépense & Revenu,,,"119,65 €",Oui,21/10/2025,05/11/2025,Réglé,Quotidien / Famille / Sport,C.D-QUO.FA.01,Intersport Nancy,T#TT-COM-SP-SPO#251101#INTERSPORT_NANC,,,
2025-10-21-0-007,21/10/2025,Banque,,Dépense & Revenu,,,"10,50 €",Oui,21/10/2025,05/11/2025,Réglé,Quotidien / Repas / Repas Midi,C.D-QUO.RE.01,La Boulange Dorée - epinal,T#TT-COM-RE-BOU#250902#LA_BOULANGE_DOR,,,
2025-10-22-0-003,22/10/2025,Banque,,Dépense & Revenu,,,"10,90 €",Oui,23/10/2025,05/11/2025,Réglé,Quotidien / Repas / Repas Midi,C.D-QUO.RE.01,Green Bagel Café - Epinal,T#TT-COM-RE-BAR#250723#GREEN_BAGEL_CAF,,Prise de poste VDE,P#2025PRISE_DE_P
2025-10-22-0-003,22/10/2025,Banque,,Dépense & Revenu,,,"2 900,94 €",Oui,21/10/2025,05/11/2025,Réglé,Finance / Professionnel /  Salaire,C.R-FIN.PR.04,Ville d'Epinal,T#TT-SER-TR-EMP#250901#VILLE_DEPINAL__,,,
2025-10-22-0-001,22/10/2025,Banque,,Dépense & Revenu,,AirBnB-oct25,"584,84 €",Oui,02/12/2025,,Réglé,Quotidien / Famille / Voyage,C.D-QUO.FA.04,AirBnb - Ventron - Pims,T#TT-SER-IM-PRO#251001#AIRBNB__VENTRON,,,
2025-10-23-0-008,23/10/2025,Espèce,,Dépense & Revenu,,,"30,00 €",N/A,,,Réglé,Santé & Bien-être / Santé / Soins,,Dr Dudau Corneliu  - Généraliste - Epinal,T#TT-PUB-SA-MÉD#251101#DR_DUDAU_CORNEL,,,
2025-10-23-0-008,23/10/2025,Banque,,Dépense & Revenu,,402-6276556-9182769,"21,00 €",Oui,27/10/2025,05/11/2025,Réglé,Quotidien / Cadeaux / Cadeaux Famille,C.D-QUO.CA.03,Amazon - France,T#TT-COM-NU-INT#251012#AMAZON__FRANCE_,,,
2025-10-23-0-008,23/10/2025,Banque,,Dépense & Revenu,,402-6279886-5163563,"206,29 €",Oui,27/10/2025,05/11/2025,Réglé,Quotidien / Consommation / High-Tech,C.D-QUO.CO.05,Amazon - France,T#TT-COM-NU-INT#251012#AMAZON__FRANCE_,Domotique,,
2025-10-23-0-008,23/10/2025,Banque,,Dépense & Revenu,,402-6279886-5163563,"7,99 €",Oui,27/10/2025,05/11/2025,Réglé,Quotidien / Consommation / High-Tech,C.D-QUO.CO.05,Amazon - France,T#TT-COM-NU-INT#251012#AMAZON__FRANCE_,Montre,,
2025-10-23-0-008,23/10/2025,Banque,,Dépense & Revenu,,,"4,80 €",Oui,23/10/2025,05/11/2025,Réglé,Quotidien / Consommation / Courses,C.D-QUO.CO.03,Exo Boutik,T#TT-COM-SP-PRO#251101#EXO_BOUTIK_____,,,
2025-10-23-0-008,23/10/2025,Banque,,Dépense & Revenu,,,"2,99 €",Oui,23/10/2025,05/11/2025,Réglé,Santé & Bien-être / Santé / Médicaments,C.D-SAN.SA.03,Pharmacie - 4 Nations,T#TT-PUB-SA-PHA#251101#PHARMACIE___NAT,,,
2025-10-23-0-008,23/10/2025,Banque,,Dépense & Revenu,,,"126,95 €",Oui,23/10/2025,05/11/2025,Réglé,Quotidien / Consommation / Courses,C.D-QUO.CO.03,Intermarché - Golbey / Epinal,T#TT-COM-DI-SUP#250723#INTERMARCH__GOL,,,
2025-10-23-0-008,23/10/2025,Banque,,Dépense & Revenu,,,"134,85 €",Oui,23/10/2025,05/11/2025,Réglé,Quotidien / Mode / Vêtements ,C.D-QUO.MO.04,OUTFITTERY,T#TT-COM-NU-INT#251001#OUTFITTERY_____,,,
2025-10-24-0-004,24/10/2025,Banque,,Dépense & Revenu,,,"46,79 €",Oui,29/10/2025,05/11/2025,Réglé,Quotidien / Cadeaux / Cadeaux Famille,C.D-QUO.CA.03,Amazon - France,T#TT-COM-NU-INT#251012#AMAZON__FRANCE_,,,
2025-10-24-0-004,24/10/2025,Banque,,Dépense & Revenu,,,"21,99 €",Oui,29/10/2025,05/11/2025,Réglé,Quotidien / Consommation / High-Tech,C.D-QUO.CO.05,Amazon - France,T#TT-COM-NU-INT#251012#AMAZON__FRANCE_,domotique,,
2025-10-24-0-004,24/10/2025,Banque,,Dépense & Revenu,,,"27,29 €",Oui,28/10/2025,05/11/2025,Réglé,Quotidien / Loisir récréatif / Gaming - Jeux vidéo,C.D-QUO.LO.02,Steam - Valve Corp - Jeux Vidéo,T#TT-COM-NU-PLA#250702#STEAM__VALVE_CO,,,
2025-10-24-0-004,24/10/2025,Banque,,Dépense & Revenu,,,"9,00 €",Oui,27/10/2025,05/11/2025,Réglé,Quotidien / Repas / Repas Midi,C.D-QUO.RE.01,Antalya Snack - Epinal - Kebab,T#TT-COM-RE-RES#250908#ANTALYA_SNACK__,,Prise de poste VDE,P#2025PRISE_DE_P
2025-10-25-0-006,25/10/2025,Espèce,,Dépense & Revenu,,,"3,00 €",,,,Réglé,Quotidien / Consommation / High-Tech,,FUN 88 Boutique info,T#TT-COM-SP-ÉLE#251120#FUN__BOUTIQUE_I,,,
2025-10-25-0-006,25/10/2025,Banque,,Dépense & Revenu,,,"4,51 €",Oui,27/10/2025,05/11/2025,Réglé,Quotidien / Consommation / Courses,C.D-QUO.CO.03,Monoprix Epinal,T#TT-COM-DI-SUP#250821#MONOPRIX_EPINAL,,,
2025-10-25-0-006,25/10/2025,Banque,,Dépense & Revenu,,PO-069-08663274007670987,"7,55 €",Oui,27/10/2025,05/11/2025,Réglé,Quotidien / Mode / Vêtements & accessoires à theme,C.D-QUO.MO.05,Temu,T#TT-COM-NU-INT#250101#TEMU______,,,
2025-10-25-0-006,25/10/2025,Banque,,Dépense & Revenu,,PO-069-08663274007670987,"17,81 €",Oui,27/10/2025,05/11/2025,Réglé,Quotidien / Consommation / Courses,C.D-QUO.CO.03,Temu,T#TT-COM-NU-INT#250101#TEMU______,,,
2025-10-25-0-006,25/10/2025,Banque,,Dépense & Revenu,,PO-069-08663274007670987,"3,68 €",Oui,27/10/2025,05/11/2025,Réglé,Quotidien / Mode / Vêtements ,C.D-QUO.MO.04,Temu,T#TT-COM-NU-INT#250101#TEMU______,,,
2025-10-25-0-006,25/10/2025,Banque,,Dépense & Revenu,,PO-069-08663274007670987,"29,19 €",Oui,27/10/2025,05/11/2025,Réglé,Quotidien / Consommation / High-Tech,C.D-QUO.CO.05,Temu,T#TT-COM-NU-INT#250101#TEMU______,,,
2025-10-27-0-003,27/10/2025,Espèce,,Dépense & Revenu,,,"22,00 €",N/A,,,Réglé,Quotidien / Repas / Repas Resto partagés,,L'Atelier Pizza - Epinal,T#TT-COM-RE-RES#250911#LATELIER_PIZZA_,,,
2025-10-27-0-003,27/10/2025,Banque,,Dépense & Revenu,,,"11,50 €",Oui,28/10/2025,05/11/2025,Réglé,Quotidien / Repas / Repas Midi,C.D-QUO.RE.01,Mama Noi - Epinal,T#TT-COM-RE-RES#250912#MAMA_NOI__EPINA,,Prise de poste VDE,P#2025PRISE_DE_P
2025-10-27-0-003,27/10/2025,Banque,,Dépense & Revenu,,,"17,20 €",Oui,27/10/2025,05/11/2025,Réglé,Quotidien / Transport / Transport en commun,C.D-QUO.TR.07,SNCF - Train & Bus,T#TT-MOB-IN-TRA#250809#SNCF__TRAIN__BU,,,
2025-10-28-0-002,28/10/2025,Banque,,Dépense & Revenu,,,"9,00 €",Oui,29/10/2025,05/11/2025,Réglé,Quotidien / Repas / Repas Midi,C.D-QUO.RE.01,Antalya Snack - Epinal - Kebab,T#TT-COM-RE-RES#250908#ANTALYA_SNACK__,,Prise de poste VDE,P#2025PRISE_DE_P
2025-10-28-0-002,28/10/2025,Banque,,Annule Dépense Rembourcement,,,"39,95 €",Oui,28/10/2025,05/11/2025,Réglé,Quotidien / Mode / Vêtements ,C.D-QUO.MO.04,OUTFITTERY,T#TT-COM-NU-INT#251001#OUTFITTERY_____,,,
2025-10-29-0-002,29/10/2025,Banque,,Dépense & Revenu,,,"10,50 €",Oui,30/10/2025,05/11/2025,Réglé,Quotidien / Repas / Repas Midi,C.D-QUO.RE.01,La Boulange Dorée - epinal,T#TT-COM-RE-BOU#250902#LA_BOULANGE_DOR,,Prise de poste VDE,P#2025PRISE_DE_P
2025-10-29-0-002,29/10/2025,Banque,,Dépense & Revenu,,,"1,31 €",Oui,29/10/2025,05/11/2025,Réglé,Santé & Bien-être / Santé / Remboursement mutuelle,C.R-SAN.SA.04,CPAM - Nancy,T#TT-PUB-SE-SER#250901#CPAM__NANCY____,,,
2025-10-30-0-001,30/10/2025,Banque,,Dépense & Revenu,,,"9,00 €",Oui,30/10/2025,05/11/2025,Réglé,Santé & Bien-être / Santé / Remboursement mutuelle,C.R-SAN.SA.04,Alptis - Mutuelle santé,T#TT-PUB-SA-MUT#250721#ALPTIS__MUTUELL,,,
2025-10-31-0-003,31/10/2025,Banque,,Dépense & Revenu,,,"35,00 €",Oui,03/11/2025,05/11/2025,Réglé,Quotidien / Transport / Amandes & PV,C.D-QUO.TR.03,ANTAI - Amandes Auto,T#TT-PUB-SE-TRÉ#251101#ANTAI__AMANDES_,,,
2025-10-31-0-003,31/10/2025,Banque,,Dépense & Revenu,,,"11,50 €",Oui,31/10/2025,05/11/2025,Réglé,Quotidien / Repas / Repas Midi,C.D-QUO.RE.01,Mama Noi - Epinal,T#TT-COM-RE-RES#250912#MAMA_NOI__EPINA,,,
2025-10-31-0-003,31/10/2025,Banque,,Dépense & Revenu,,,"45,00 €",Oui,31/10/2025,05/11/2025,Réglé,Quotidien / Transport / Vélo libre service,C.D-QUO.TR.08,"Agglo d""Epinal",T#TT-PUB-SE-COL#250901#AGGLO_DEPINAL__,,,
2025-11-01-0-001,01/11/2025,Banque,,Dépense & Revenu,,,"10,00 €",Oui,03/11/2025,05/11/2025,Réglé,Quotidien / Repas / Repas Midi,C.D-QUO.RE.01,Casa De Pizza - Nancy,r,,,
2025-11-03-0-001,03/11/2025,Banque,,Dépense & Revenu,,,"4,44 €",Oui,03/11/2025,05/11/2025,Réglé,Quotidien / Consommation / Courses,C.D-QUO.CO.03,Marché - Rotisseries 59 Anor,T#TT-COM-RE-RES#250906#MARCH__ROTISSER,,,
2025-11-04-0-003,04/11/2025,Banque,,Dépense & Revenu,,,"22,30 €",Oui,04/11/2025,05/11/2025,Réglé,Quotidien / Consommation / Courses,C.D-QUO.CO.03,Boulangerie - Au Pain de mon Grand-père - Nancy - Place des vosges,T#TT-COM-RE-BOU#250618#BOULANGERIE__AU,,,
2025-11-04-0-003,04/11/2025,Banque,,Dépense & Revenu,,,"233,00 €",Oui,04/11/2025,05/11/2025,Réglé,Logement /Ameublement & Entretien / Ménage (services),C.D-LOG.AM.06,Shiva - Epinal,T#TT-SER-SE-SER#251001#SHIVA__EPINAL__,,,
2025-11-04-0-003,04/11/2025,Banque,,Dépense & Revenu,,,"14,90 €",Oui,03/11/2025,05/11/2025,Réglé,Quotidien / Repas / Repas Midi,C.D-QUO.RE.01,Mama Noi - Epinal,T#TT-COM-RE-RES#250912#MAMA_NOI__EPINA,,,
2025-11-05-0-003,05/11/2025,Banque,,Dépense & Revenu,,,"81,01 €",Oui,05/11/2025,05/11/2025,Réglé,Quotidien / Consommation / Courses,C.D-QUO.CO.03,Intermarché - Golbey / Epinal,T#TT-COM-DI-SUP#250723#INTERMARCH__GOL,,,
2025-11-05-0-003,05/11/2025,Banque,,Dépense & Revenu,,,"69,87 €",Oui,05/11/2025,05/11/2025,Réglé,Santé & Bien-être / Santé / Adhésion mutuelle,C.D-SAN.SA.01,Alptis - Mutuelle santé,T#TT-PUB-SA-MUT#250721#ALPTIS__MUTUELL,,,
2025-11-05-0-003,05/11/2025,Banque,,Dépense & Revenu,,,"2,40 €",Oui,05/11/2025,05/11/2025,Réglé,Quotidien / Transport / Transport en commun,C.D-QUO.TR.07,Stan Transport en commun  Nancéens ,T#TT-MOB-IN-TRA#250101#STAN_TRANSPORT_,,,
2025-11-06-0-004,06/11/2025,Banque,,Dépense & Revenu,,,"14,90 €",Oui,06/11/2025,,Réglé,Quotidien / Repas / Repas Midi,C.D-QUO.RE.01,Mama Noi - Epinal,T#TT-COM-RE-RES#250912#MAMA_NOI__EPINA,,,
2025-11-06-0-004,06/11/2025,Banque,,Dépense & Revenu,,,"58,99 €",Oui,06/11/2025,,Réglé,Quotidien / Abonnement / Internet & Mobile,C.D-QUO.AB.01,Free,T#TT-COM-NU-FOU#250905#FREE______,,,
2025-11-06-0-004,06/11/2025,Banque,,Dépense & Revenu,,,"127,00 €",Oui,06/11/2025,,Réglé,Logement / Charges / Énergie (Élec & Gaz),C.D-LOG.CH.05,EDF & GDF - Electricité & Gaz de France,T#TT-PUB-AS-ELE#250801#EDF__GDF__ELECT,,,
2025-11-06-0-004,06/11/2025,Banque,,Dépense & Revenu,,,"660,00 €",Oui,06/11/2025,,Réglé,Logement / Charges / Loyer,C.D-LOG.CH.06,MOUGEL Agnès - Propriétaire,T#TT-SER-IM-PRO#250727#MOUGEL_AGNS__PR,,,
2025-11-07-0-001,07/11/2025,Banque,,Dépense & Revenu,,,"15,90 €",Oui,07/11/2025,,Réglé,Quotidien / Repas / Repas Midi,C.D-QUO.RE.01,Fujiyama - Restaurant,T#TT-COM-RE-RES#250904#FUJIYAMA__RESTA,,,
2025-11-10-0-006,10/11/2025,Banque,,Dépense & Revenu,,,"38,00 €",Oui,11/11/2025,,Réglé,Quotidien / Famille / Sport,C.D-QUO.FA.01,Patinoire - Epinal,T#TT-PUB-SE-AUT#251101#PATINOIRE__EPIN,,,
2025-11-10-0-006,10/11/2025,Banque,,Annule Dépense Rembourcement,,PO-069-08663274007670987,"12,64 €",Oui,10/11/2025,,Réglé,Quotidien / Consommation / Courses,C.D-QUO.CO.03,Temu,T#TT-COM-NU-INT#250101#TEMU______,,,
2025-11-10-0-006,10/11/2025,Banque,,Annule Dépense Rembourcement,,PO-069-08663274007670987,"10,27 €",Oui,10/11/2025,,Réglé,Quotidien / Consommation / Courses,C.D-QUO.CO.03,Temu,T#TT-COM-NU-INT#250101#TEMU______,,,
2025-11-10-0-006,10/11/2025,Banque,,Annule Dépense Rembourcement,,PO-069-08663274007670987,"7,55 €",Oui,10/11/2025,,Réglé,Quotidien / Mode / Vêtements & accessoires à theme,C.D-QUO.MO.05,Temu,T#TT-COM-NU-INT#250101#TEMU______,,,
2025-11-10-0-006,10/11/2025,Banque,,Dépense & Revenu,,,"11,50 €",Oui,10/11/2025,,Réglé,Quotidien / Repas / Repas Midi,C.D-QUO.RE.01,L'Atelier Pizza - Epinal,T#TT-COM-RE-RES#250911#LATELIER_PIZZA_,,,
2025-11-10-0-006,10/11/2025,Banque,,Dépense & Revenu,,,"36,78 €",Oui,10/11/2025,,Réglé,Quotidien / Consommation / Courses,C.D-QUO.CO.03,Monoprix Epinal,T#TT-COM-DI-SUP#250821#MONOPRIX_EPINAL,,,
2025-11-11-0-006,11/11/2025,Banque,,Dépense & Revenu,,PO-069-20345601595510987,"30,64 €",Oui,13/11/2025,,Réglé,Quotidien / Cadeaux / Cadeaux Famille,C.D-QUO.CA.03,Temu,T#TT-COM-NU-INT#250101#TEMU______,,,
2025-11-11-0-006,11/11/2025,Banque,,Dépense & Revenu,,PO-069-20345601595510987,"15,48 €",Oui,13/11/2025,,Réglé,Santé & Bien-être / Santé / Analyses,C.D-SAN.SA.02,Temu,T#TT-COM-NU-INT#250101#TEMU______,,,
2025-11-11-0-006,11/11/2025,Banque,,Dépense & Revenu,,PO-069-20345601595510987,"10,98 €",Oui,13/11/2025,,Réglé,Quotidien / Consommation / Courses,C.D-QUO.CO.03,Temu,T#TT-COM-NU-INT#250101#TEMU______,,,
2025-11-11-0-006,11/11/2025,Banque,,Dépense & Revenu,,PO-069-20345601595510987,"2,36 €",Oui,13/11/2025,,Réglé,Quotidien / Mode / Vêtements & accessoires à theme,C.D-QUO.MO.05,Temu,T#TT-COM-NU-INT#250101#TEMU______,,,
2025-11-11-0-006,11/11/2025,Banque,,Dépense & Revenu,,,"14,90 €",Oui,11/11/2025,,Réglé,Quotidien / Repas / Repas Midi,C.D-QUO.RE.01,Mama Noi - Epinal,T#TT-COM-RE-RES#250912#MAMA_NOI__EPINA,,,
2025-11-11-0-006,11/11/2025,Banque,,Annule Dépense Rembourcement,,PO-069-08663274007670987,"12,89 €",Oui,11/11/2025,,Réglé,Quotidien / Consommation / High-Tech,C.D-QUO.CO.05,Temu,T#TT-COM-NU-INT#250101#TEMU______,,,
2025-11-13-0-001,13/11/2025,Banque,,Dépense & Revenu,,,"10,50 €",Oui,13/11/2025,,Réglé,Quotidien / Repas / Repas Midi,C.D-QUO.RE.01,La Boulange Dorée - epinal,T#TT-COM-RE-BOU#250902#LA_BOULANGE_DOR,,,
2025-11-14-0-001,14/11/2025,Banque,,Dépense & Revenu,,,"8,00 €",Oui,14/11/2025,,Réglé,Quotidien / Repas / Repas Midi,C.D-QUO.RE.01,Aux délices d'Antonin - Epinal,T#TT-COM-RE-BOU#251101#AUX_DLICES_DANT,,,
2025-11-15-0-002,15/11/2025,Espèce,,Dépense & Revenu,,,"18,00 €",N/A,,,Réglé,Quotidien / Cadeaux / Cadeaux Famille,,La comédie des Fleurs,T#TT-COM-SP-FLE#251001#LA_COMDIE_DES_F,,,
2025-11-15-0-002,15/11/2025,Banque,,Dépense & Revenu,,,"80,97 €",Oui,14/11/2025,,Réglé,Quotidien / Consommation / High-Tech,C.D-QUO.CO.05,Vepee,T#TT-COM-NU-INT#250901#VEPEE______,,,
2025-11-17-0-002,17/11/2025,Banque,,Dépense & Revenu,,,"13,60 €",Oui,17/11/2025,,Réglé,Quotidien / Consommation / Courses,C.D-QUO.CO.03,"Boulangerie Maison Charlise, Epinal",T#TT-COM-RE-BOU#250724#BOULANGERIE_MAI,,,
2025-11-17-0-002,17/11/2025,Banque,,Dépense & Revenu,,,"11,50 €",Oui,17/11/2025,,Réglé,Quotidien / Repas / Repas Midi,C.D-QUO.RE.01,L'Atelier Pizza - Epinal,T#TT-COM-RE-RES#250911#LATELIER_PIZZA_,,,
2025-11-18-0-001,18/11/2025,Espèce,,Dépense & Revenu,,,"30,00 €",N/A,,,Réglé,Santé & Bien-être / Santé / Soins,,Dr Dudau Corneliu  - Généraliste - Epinal,T#TT-PUB-SA-MÉD#251101#DR_DUDAU_CORNEL,,,
2025-11-19-0-001,19/11/2025,Banque,,Dépense & Revenu,,,"10,04 €",Oui,19/11/2025,,Réglé,Quotidien / Abonnement / Internet & Mobile,C.D-QUO.AB.01,Free,T#TT-COM-NU-FOU#250905#FREE______,,,
2025-11-20-0-002,20/11/2025,Banque,,Dépense & Revenu,,,"30,77 €",Oui,20/11/2025,,Réglé,Quotidien / Consommation / Courses,C.D-QUO.CO.03,LIDL - Epinal,T#TT-COM-DI-SUP#251101#LIDL__EPINAL___,,,
2025-11-20-0-002,20/11/2025,Banque,,Dépense & Revenu,,,"41,20 €",Oui,20/11/2025,,Réglé,Quotidien / Transport / Transport en commun,C.D-QUO.TR.07,SNCF - Train & Bus,T#TT-MOB-IN-TRA#250809#SNCF__TRAIN__BU,,,
2025-11-21-0-002,21/11/2025,Banque,,Dépense & Revenu,,,"14,90 €",Oui,21/11/2025,,Réglé,Quotidien / Repas / Repas Midi,C.D-QUO.RE.01,Mama Noi - Epinal,T#TT-COM-RE-RES#250912#MAMA_NOI__EPINA,,,
2025-11-21-0-002,21/11/2025,Banque,,Dépense & Revenu,,,"90,00 €",Oui,21/11/2025,,Réglé,Finance / Banque / Retrait,C.D-FIN.BA.05,Moi - Portefeuille Especes - mai 25,T#TT-SER-TR-PER#250101#MOI__PORTEFEUIL,,,
2025-11-22-0-001,22/11/2025,Espèce,,Dépense & Revenu,,,"60,00 €",N/A,22/11/2025,,Réglé,Finance / Revenus Exceptionnels / Pertes & Profits,,Fafa,#N/A,,,
2025-11-23-0-002,23/11/2025,Espèce,,Dépense & Revenu,,,"34,00 €",N/A,,,Réglé,Santé & Bien-être / Loisirs Social / Jeux de Société,,La caverne du Goblin - Jeux du Stan,T#TT-COM-LO-JEU#251123#LA_CAVERNE_DU_G,,,
2025-11-23-0-002,23/11/2025,Banque,,Dépense & Revenu,,,"288,47 €",Oui,25/11/2025,,Réglé,Quotidien / Consommation / High-Tech,C.D-QUO.CO.05,Back Market,T#TT-COM-NU-INT#251101#BACK_MARKET____,,Telephone,P#2025TELEPHONE_
2025-11-24-0-004,24/11/2025,Banque,,Dépense & Revenu,,,"10,00 €",Oui,24/11/2025,,Réglé,Quotidien / Repas / Repas Midi,C.D-QUO.RE.01,Casa De Pizza - Nancy,T#TT-COM-RE-RES#250101#CASA_DE_PIZZA__,,,
2025-11-24-0-004,24/11/2025,Banque,,Dépense & Revenu,,,"19,00 €",Oui,24/11/2025,,Réglé,Santé & Bien-être / Santé / Remboursement mutuelle,C.R-SAN.SA.04,CPAM - Nancy,T#TT-PUB-SE-SER#250901#CPAM__NANCY____,,,
2025-11-24-0-004,24/11/2025,Banque,,Dépense & Revenu,,,"3 234,68 €",Oui,24/11/2025,,Réglé,Finance / Professionnel /  Salaire,C.R-FIN.PR.04,Ville d'Epinal,T#TT-SER-TR-EMP#250901#VILLE_DEPINAL__,,,
2025-11-24-0-004,24/11/2025,Banque,,Dépense & Revenu,,,"14,50 €",Oui,22/11/2025,,Réglé,Quotidien / Transport / Transport en commun,C.D-QUO.TR.07,Stan Transport en commun  Nancéens ,T#TT-MOB-IN-TRA#250101#STAN_TRANSPORT_,,,
2025-11-25-0-007,25/11/2025,Espèce,,Dépense & Revenu,,,"5,01 €",N/A,,,Réglé,Quotidien / Cadeaux / Cadeaux Famille,,Amine,T#TT-SER-TR-PER#251101#AMINE______,,,
2025-11-25-0-007,25/11/2025,Banque,,Dépense & Revenu,,,"9,00 €",Oui,25/11/2025,,Réglé,Santé & Bien-être / Santé / Remboursement mutuelle,C.R-SAN.SA.04,Alptis - Mutuelle santé,T#TT-PUB-SA-MUT#250721#ALPTIS__MUTUELL,,,
2025-11-25-0-007,25/11/2025,Banque,,Annule Dépense Rembourcement,,,"588,99 €",Oui,25/11/2025,,Réglé,Santé & Bien-être / Loisirs Social / Autre Loisirs,C.D-SAN.LO.06,Le bon coin,T#TT-COM-NU-INT#250901#LE_BON_COIN____,,,
2025-11-25-0-007,25/11/2025,Banque,,Dépense & Revenu,,,"19,80 €",Oui,25/11/2025,,Réglé,Quotidien / Repas / Repas Resto partagés,C.D-QUO.RE.02,EVA Nancy - Bar & Annimation,T#TT-COM-RE-BAR#250625#EVA_NANCY__BAR_,,,
2025-11-25-0-007,25/11/2025,Banque,,Dépense & Revenu,,,"34,30 €",Oui,25/11/2025,,Réglé,Quotidien / Repas / Repas Resto partagés,C.D-QUO.RE.02,EVA Nancy - Bar & Annimation,T#TT-COM-RE-BAR#250625#EVA_NANCY__BAR_,,,
2025-11-25-1-001,25/11/2025,Banque,,Annule Dépense Rembourcement,,PO-069-20345601595510987,"15,48 €",,,,Dû,Santé & Bien-être / Santé / Analyses,C.D-SAN.SA.02,Temu,T#TT-COM-NU-INT#250101#TEMU______,,,
2025-11-25-0-007,25/11/2025,Héritage,,Transfert & Retraits,,,"10 000,00 €",,25/11/2025,,Réglé,Finance / Banque / Retrait,,Moi - Epargne Populaire,,,,
2025-11-25-0-007,25/11/2025,Héritage,,Transfert & Retraits,,,"30,00 €",,25/11/2025,,Réglé,Finance / Banque / Retrait,,Moi - Livret A,,,,
2025-11-27-0-001,27/11/2025,Banque,,Dépense & Revenu,,,"762,60 €",Oui,01/12/2025,,Réglé,Santé & Bien-être / Loisirs Social / Autre Loisirs,C.D-SAN.LO.06,Amazon - France,T#TT-COM-NU-INT#251012#AMAZON__FRANCE_,LEGO STAR WARS,,
2025-11-28-0-005,28/11/2025,Espèce,,Dépense & Revenu,,,"5,50 €",N/A,,,Réglé,Quotidien / Consommation / Courses,,Epicerie - Epinal  Marché,T#TT-COM-SP-EPI#251101#EPICERIE__EPINA,,,
2025-11-28-0-005,28/11/2025,Espèce,,Dépense & Revenu,,,"4,18 €",N/A,,,Réglé,Quotidien / Consommation / Courses,,Exo Boutik,T#TT-COM-SP-PRO#251101#EXO_BOUTIK_____,,,
2025-11-28-0-005,28/11/2025,Banque,,Dépense & Revenu,,,"28,34 €",Oui,01/12/2025,,Réglé,Quotidien / Consommation / Courses,C.D-QUO.CO.03,Boucherie Maison Lecomte,T#TT-COM-SP-BOU#251101#BOUCHERIE_MAISO,,,
2025-11-28-0-005,28/11/2025,Banque,,Dépense & Revenu,,,"71,64 €",Oui,28/11/2025,,Réglé,Quotidien / Consommation / Courses,C.D-QUO.CO.03,LIDL - Epinal,T#TT-COM-DI-SUP#251101#LIDL__EPINAL___,,,
2025-11-28-0-005,28/11/2025,Banque,,Annule Dépense Rembourcement,,,"15,48 €",Oui,28/11/2025,,Réglé,Santé & Bien-être / Santé / Analyses,C.D-SAN.SA.02,Temu,T#TT-COM-NU-INT#250101#TEMU______,,,
2025-11-29-0-001,29/11/2025,Banque,,Dépense & Revenu,,,"6,98 €",Oui,01/12/2025,,Réglé,Santé & Bien-être / Loisirs Social / Sorties & Repas Perso,C.D-SAN.LO.07,Colombus Café - Epinal,T#TT-COM-RE-RES#250827#COLOMBUS_CAF__E,,,
2025-12-01-0-003,01/12/2025,Banque,,Dépense & Revenu,,,"25,14 €",Oui,01/12/2025,,Réglé,Quotidien / Consommation / Courses,C.D-QUO.CO.03,Monoprix Epinal,T#TT-COM-DI-SUP#250821#MONOPRIX_EPINAL,,,
2025-12-01-0-003,01/12/2025,Banque,,Dépense & Revenu,,,"13,89 €",Oui,01/12/2025,,Réglé,Quotidien / Consommation / Courses,C.D-QUO.CO.03,Monoprix Epinal,T#TT-COM-DI-SUP#250821#MONOPRIX_EPINAL,,,
2025-12-01-0-003,01/12/2025,Banque,,Dépense & Revenu,,,"33,13 €",Oui,01/12/2025,,Réglé,Quotidien / Consommation / Courses,C.D-QUO.CO.03,MAISON BELDICOT - Epinal - Marché couvert,T#TT-COM-SP-FRO#991230#MAISON_BELDICOT,,,
2025-12-03-0-002,03/12/2025,Banque,,Dépense & Revenu,,,"2,20 €",Oui,03/12/2025,,Réglé,Quotidien / Consommation / Courses,C.D-QUO.CO.03,"Boulangerie Maison Charlise, Epinal",T#TT-COM-RE-BOU#250724#BOULANGERIE_MAI,,,
2025-12-03-0-002,03/12/2025,Banque,,Dépense & Revenu,,,"67,52 €",Oui,03/12/2025,,Réglé,Logement /Ameublement & Entretien / Ménage (services),C.D-LOG.AM.06,Shiva - Epinal,T#TT-SER-SE-SER#251001#SHIVA__EPINAL__,,,
2025-12-05-0-003,05/12/2025,Banque,,Dépense & Revenu,,,"45,00 €",,05/12/2025,,Réglé,Quotidien / Transport / Vélo libre service,C.D-QUO.TR.08,"Agglo d""Epinal",T#TT-PUB-SE-COL#250901#AGGLO_DEPINAL__,,,
2025-12-05-0-003,05/12/2025,Banque,,Dépense & Revenu,,,"58,99 €",,05/12/2025,,Réglé,Quotidien / Abonnement / Internet & Mobile,C.D-QUO.AB.01,Free,T#TT-COM-NU-FOU#250905#FREE______,,,
2025-12-05-0-003,05/12/2025,Banque,,Dépense & Revenu,,,"69,87 €",,05/12/2025,,Réglé,Santé & Bien-être / Santé / Adhésion mutuelle,C.D-SAN.SA.01,Alptis - Mutuelle santé,T#TT-PUB-SA-MUT#250721#ALPTIS__MUTUELL,,,
2025-12-06-0-001,06/12/2025,Banque,,Dépense & Revenu,,,"660,00 €",,06/12/2025,,Réglé,Logement / Charges / Loyer,C.D-LOG.CH.06,MOUGEL Agnès - Propriétaire,T#TT-SER-IM-PRO#250727#MOUGEL_AGNS__PR,,,
2025-12-08-0-004,08/12/2025,Banque,,Dépense & Revenu,,,"22,80 €",,08/12/2025,,Réglé,Quotidien / Repas / Repas Resto partagés,C.D-QUO.RE.02,Kes - Original Döner Kebak - Nancy,T#TT-COM-RE-RES#991230#KES__ORIGINAL_D,,,
2025-12-08-0-004,08/12/2025,Banque,,Dépense & Revenu,,,"20,00 €",,08/12/2025,,Réglé,Santé & Bien-être / Loisirs Social / Sorties & Repas Perso,C.D-SAN.LO.07,Casa De Pizza - Nancy,T#TT-COM-RE-RES#250101#CASA_DE_PIZZA__,,,
2025-12-08-0-004,08/12/2025,Banque,,Dépense & Revenu,,,"2,98 €",,08/12/2025,,Réglé,"Quotidien / Consommation / Multimédia (CD, DVD)",C.D-QUO.CO.06,Cash Express - Nancy,T#TT-COM-SP-ÉLE#991230#CASH_EXPRESS__N,,,
2025-12-08-0-004,08/12/2025,Banque,,Dépense & Revenu,,,"169,00 €",,08/12/2025,,Réglé,Logement / Charges / Énergie (Élec & Gaz),C.D-LOG.CH.05,EDF & GDF - Electricité & Gaz de France,T#TT-PUB-AS-ELE#250801#EDF__GDF__ELECT,,,
2025-12-11-0-002,11/12/2025,Banque,,Dépense & Revenu,,,"5,50 €",,11/12/2025,,Réglé,Quotidien / Transport / Transport en commun,C.D-QUO.TR.07,Stan Transport en commun  Nancéens ,T#TT-MOB-IN-TRA#250101#STAN_TRANSPORT_,,,
2025-12-11-0-002,11/12/2025,Banque,,Dépense & Revenu,,,"67,25 €",,11/12/2025,,Réglé,Quotidien / Consommation / Courses,C.D-QUO.CO.03,LIDL - Epinal,T#TT-COM-DI-SUP#251101#LIDL__EPINAL___,,,
2025-12-12-0-001,12/12/2025,Banque,,Dépense & Revenu,,,"25,20 €",,12/12/2025,,Réglé,Quotidien / Repas / Repas Resto partagés,C.D-QUO.RE.02,Natsu - sushi - Nancy,T#TT-COM-RE-RES#991230#NATSU__SUSHI__N,,,
2025-12-15-0-002,15/12/2025,Banque,,Dépense & Revenu,,,"16,70 €",,15/12/2025,,Réglé,Quotidien / Consommation / Courses,C.D-QUO.CO.03,Miller Tradition - Boulangerie Villers,T#TT-COM-RE-BOU#250801#MILLER_TRADITIO,,,
2025-12-15-0-002,15/12/2025,Banque,,Dépense & Revenu,,,"80,98 €",,15/12/2025,,Réglé,Quotidien / Consommation / High-Tech,C.D-QUO.CO.05,Vepee,T#TT-COM-NU-INT#250901#VEPEE______,,,
2025-12-16-0-003,16/12/2025,Banque,,Dépense & Revenu,,,"29,70 €",,16/12/2025,,Réglé,Quotidien / Consommation / Courses,C.D-QUO.CO.03,Action - Vandoeuvre Les Nancy,T#TT-COM-DI-SUP#991230#ACTION__VANDOEU,,Vidage Maison Villers,P#2026VIDAGE_MAI
2025-12-16-0-003,16/12/2025,Banque,,Dépense & Revenu,,514888959,"40,98 €",,16/12/2025,,Réglé,Quotidien /  Mode / Accessoire Beauté,C.D-QUO.MO.01,Vepee,T#TT-COM-NU-INT#250901#VEPEE______,,,
2025-12-16-0-003,16/12/2025,Banque,,Dépense & Revenu,,514888959,"33,98 €",,16/12/2025,,Réglé,Quotidien / Mode/ Sous-vêtements,C.D-QUO.MO.06,Vepee,T#TT-COM-NU-INT#250901#VEPEE______,,,
2025-12-17-0-002,17/12/2025,Banque,,Dépense & Revenu,,,"56,37 €",,17/12/2025,,Réglé,Quotidien / Consommation / Courses,C.D-QUO.CO.03,LIDL - Epinal,T#TT-COM-DI-SUP#251101#LIDL__EPINAL___,,,
2025-12-17-0-002,17/12/2025,Banque,,Dépense & Revenu,,,"525,28 €",,17/12/2025,,Réglé,Finance / Social / Chaumage,C.R-FIN.SO.01,France Travail - Pole Emploi,T#TT-PUB-SE-SER#250701#FRANCE_TRAVAIL_,,,
2025-12-18-0-002,18/12/2025,Banque,,Dépense & Revenu,,,"17,20 €",,18/12/2025,,Réglé,Quotidien / Transport / Transport en commun,C.D-QUO.TR.07,SNCF - Train & Bus,T#TT-MOB-IN-TRA#250809#SNCF__TRAIN__BU,,,
2025-12-18-0-002,18/12/2025,Banque,,Dépense & Revenu,,,"9,99 €",,18/12/2025,,Réglé,Quotidien / Abonnement / Internet & Mobile,C.D-QUO.AB.01,Free,T#TT-COM-NU-FOU#250905#FREE______,,,
2025-12-22-0-005,22/12/2025,Banque,,Annule Dépense Rembourcement,,,"8,60 €",,22/12/2025,,Réglé,Quotidien / Transport / Transport en commun,C.D-QUO.TR.07,SNCF - Train & Bus,T#TT-MOB-IN-TRA#250809#SNCF__TRAIN__BU,,,
2025-12-22-0-005,22/12/2025,Banque,,Dépense & Revenu,,,"46,80 €",,22/12/2025,,Réglé,Quotidien / Repas / Repas Resto partagés,C.D-QUO.RE.02,Pizza Olto - Nancy,T#TT-COM-RE-RES#991230#PIZZA_OLTO__NAN,,Vidage Maison Villers,P#2026VIDAGE_MAI
2025-12-22-0-005,22/12/2025,Banque,,Dépense & Revenu,,,"35,00 €",,22/12/2025,,Réglé,Quotidien / Cadeaux / Cadeaux Famille,C.D-QUO.CA.03,Yanna Fleurs - Nancy,T#TT-COM-SP-FLE#991230#YANNA_FLEURS__N,,,
2025-12-22-0-005,22/12/2025,Banque,,Dépense & Revenu,,,"45,00 €",,22/12/2025,,Réglé,Quotidien / Transport / Vélo libre service,C.D-QUO.TR.08,"Agglo d""Epinal",T#TT-PUB-SE-COL#250901#AGGLO_DEPINAL__,,,
2025-12-22-0-005,22/12/2025,Banque,,Dépense & Revenu,,,"288,20 €",,22/12/2025,,Réglé,Finance / Professionnel /  Salaire,C.R-FIN.PR.04,Ville d'Epinal,T#TT-SER-TR-EMP#250901#VILLE_DEPINAL__,,,
2025-12-23-0-001,23/12/2025,Banque,,Dépense & Revenu,,,"24,24 €",,23/12/2025,,Réglé,Quotidien / Consommation / Courses,C.D-QUO.CO.03,Carrefour Epinal Jeuxey,T#TT-COM-DI-SUP#991230#CARREFOUR_EPINA,,,
2025-12-26-0-001,26/12/2025,Banque,,Dépense & Revenu,,,"17,20 €",,26/12/2025,,Réglé,Quotidien / Transport / Transport en commun,C.D-QUO.TR.07,SNCF - Train & Bus,T#TT-MOB-IN-TRA#250809#SNCF__TRAIN__BU,,,
2025-12-29-0-001,29/12/2025,Banque,,Dépense & Revenu,,,"240,00 €",,29/12/2025,,Réglé,Finance / Obligations / Impôts,C.D-FIN.OB.02,Impots,T#TT-PUB-SE-TRÉ#991230#IMPOTS______,,,
2025-12-30-0-004,30/12/2025,Banque,,Dépense & Revenu,,,"36,20 €",,30/12/2025,,Réglé,Quotidien / Repas / Repas Resto partagés,C.D-QUO.RE.02,Le Palais - Nancy,T#TT-COM-RE-RES#991230#LE_PALAIS__NANC,,,
2025-12-30-0-004,30/12/2025,Banque,,Dépense & Revenu,,,"14,99 €",,30/12/2025,,Réglé,Quotidien / Abonnement / Streaming,C.D-QUO.AB.03,boulangerie Nedelec - Epinal,T#TT-COM-RE-BOU#250901#BOULANGERIE_NED,,,
2025-12-30-0-004,30/12/2025,Banque,,Annule Dépense Rembourcement,,,"226,00 €",,,,Réglé,Quotidien / Consommation / High-Tech,C.D-QUO.CO.05,Back Market,T#TT-COM-NU-INT#251101#BACK_MARKET____,,,
2025-12-30-0-004,30/12/2025,Banque,,Annule Dépense Rembourcement,,,"34,99 €",,,,Réglé,Quotidien / Consommation / High-Tech,C.D-QUO.CO.05,Back Market,T#TT-COM-NU-INT#251101#BACK_MARKET____,,,
2025-12-31-0-001,31/12/2025,Banque,,Dépense & Revenu,,,"82,36 €",,31/12/2025,,Réglé,Quotidien / Consommation / Courses,C.D-QUO.CO.03,LIDL - Epinal,T#TT-COM-DI-SUP#251101#LIDL__EPINAL___,,,
2026-01-02-0-006,02/01/2026,Espèce,,Dépense & Revenu,,,"2,00 €",N/A,,,Réglé,Quotidien / Consommation / Courses,,Exo Boutik,T#TT-COM-SP-PRO#251101#EXO_BOUTIK_____,,,
2026-01-02-0-006,02/01/2026,Banque,,Dépense & Revenu,,,"5,99 €",,06/01/2026,,Réglé,Quotidien / Consommation / High-Tech,C.D-QUO.CO.05,Amazon - France,T#TT-COM-NU-INT#251012#AMAZON__FRANCE_,,Telephone,P#2025TELEPHONE_
2026-01-02-0-006,02/01/2026,Banque,,Dépense & Revenu,,,"61,54 €",,06/01/2026,,Réglé,Santé & Bien-être / Loisirs Social / Autre Loisirs,C.D-SAN.LO.06,Amazon - France,T#TT-COM-NU-INT#251012#AMAZON__FRANCE_,,,
2026-01-02-0-006,02/01/2026,Banque,,Dépense & Revenu,,,"259,00 €",,02/01/2026,,Réglé,Quotidien / Consommation / High-Tech,C.D-QUO.CO.05,Free,T#TT-COM-NU-FOU#250905#FREE______,,Telephone,P#2025TELEPHONE_
2026-01-02-0-006,02/01/2026,Banque,,Dépense & Revenu,,,"1 112,10 €",,02/01/2026,,Réglé,Finance / Social / Chaumage,C.R-FIN.SO.01,France Travail - Pole Emploi,T#TT-PUB-SE-SER#250701#FRANCE_TRAVAIL_,,,
2026-01-02-0-006,02/01/2026,Banque,,Dépense & Revenu,,,"24,12 €",,02/01/2026,,Réglé,Quotidien / Repas / Repas Midi,C.D-QUO.RE.01,Hippopotamus - Epinal - Le saut le cerf ,T#TT-COM-RE-RES#250702#HIPPOPOTAMUS__E,,,
2026-01-05-0-003,05/01/2026,Banque,,Dépense & Revenu,,,"75,51 €",,05/01/2026,,Réglé,Santé & Bien-être / Santé / Adhésion mutuelle,C.D-SAN.SA.01,Alptis - Mutuelle santé,T#TT-PUB-SA-MUT#250721#ALPTIS__MUTUELL,,,
2026-01-05-0-003,05/01/2026,Banque,,Dépense & Revenu,,,"69,71 €",,05/01/2026,,Réglé,Quotidien / Consommation / Courses,C.D-QUO.CO.03,Intermarché - Golbey / Epinal,T#TT-COM-DI-SUP#250723#INTERMARCH__GOL,,,
2026-01-05-0-003,05/01/2026,Banque,,Dépense & Revenu,,,"12,00 €",,05/01/2026,,Réglé,Quotidien / Consommation / Courses,C.D-QUO.CO.03,"Boulangerie Maison Charlise, Epinal",T#TT-COM-RE-BOU#250724#BOULANGERIE_MAI,,,
2026-01-06-0-002,06/01/2026,Banque,,Dépense & Revenu,,,"169,00 €",,06/01/2026,,Réglé,Logement / Charges / Énergie (Élec & Gaz),C.D-LOG.CH.05,EDF & GDF - Electricité & Gaz de France,T#TT-PUB-AS-ELE#250801#EDF__GDF__ELECT,,,
2026-01-06-0-002,06/01/2026,Banque,,Dépense & Revenu,,,"660,00 €",,06/01/2026,,Réglé,Logement / Charges / Loyer,C.D-LOG.CH.06,MOUGEL Agnès - Propriétaire,T#TT-SER-IM-PRO#250727#MOUGEL_AGNS__PR,,,
2026-01-07-0-002,07/01/2026,Banque,,Dépense & Revenu,,,"28,39 €",,07/01/2026,,Réglé,Quotidien / Consommation / Courses,C.D-QUO.CO.03,LIDL - Epinal,T#TT-COM-DI-SUP#251101#LIDL__EPINAL___,,,
2026-01-07-0-002,07/01/2026,Banque,,Dépense & Revenu,,,"39,99 €",,07/01/2026,,Réglé,Quotidien / Abonnement / Internet & Mobile,C.D-QUO.AB.01,Free,T#TT-COM-NU-FOU#250905#FREE______,,,
2026-01-08-0-009,08/01/2026,Banque,,Dépense & Revenu,,PO-069-01963203759990987,"16,12 €",,09/01/2026,,Réglé,Quotidien / Consommation / High-Tech,C.D-QUO.CO.05,Temu,T#TT-COM-NU-INT#250101#TEMU______,,,
2026-01-08-0-009,08/01/2026,Banque,,Dépense & Revenu,,PO-069-01963203759990987,"6,79 €",,09/01/2026,,Réglé,Quotidien / Mode/ Sous-vêtements,C.D-QUO.MO.06,Temu,T#TT-COM-NU-INT#250101#TEMU______,,,
2026-01-08-0-009,08/01/2026,Banque,,Dépense & Revenu,,PO-069-01963203759990987,"5,04 €",,09/01/2026,,Réglé,Quotidien / Famille / Sport,C.D-QUO.FA.01,Temu,T#TT-COM-NU-INT#250101#TEMU______,,,
2026-01-08-0-009,08/01/2026,Banque,,Dépense & Revenu,,PO-069-01963203759990987,"2,25 €",,09/01/2026,,Réglé,Quotidien / Consommation / Courses,C.D-QUO.CO.03,Temu,T#TT-COM-NU-INT#250101#TEMU______,,,
2026-01-08-0-009,08/01/2026,Banque,,Dépense & Revenu,,PO-069-01963203759990987,"5,82 €",,09/01/2026,,Réglé,Santé & Bien-être / Loisirs Social / Autre Loisirs,C.D-SAN.LO.06,Temu,T#TT-COM-NU-INT#250101#TEMU______,,,
2026-01-08-0-009,08/01/2026,Banque,,Dépense & Revenu,,PO-069-01963203759990987,"9,95 €",,09/01/2026,,Réglé,Quotidien / Consommation / High-Tech,C.D-QUO.CO.05,Temu,T#TT-COM-NU-INT#250101#TEMU______,,,
2026-01-08-0-009,08/01/2026,Banque,,Dépense & Revenu,,PO-069-01963203759990987,"8,59 €",,09/01/2026,,Réglé,Quotidien / Cadeaux / Cadeaux Famille,C.D-QUO.CA.03,Temu,T#TT-COM-NU-INT#250101#TEMU______,,,
2026-01-08-0-009,08/01/2026,Banque,,Dépense & Revenu,,PO-069-01963203759990987,"13,14 €",,09/01/2026,,Réglé,Logement / Ameublement & Entretien / Bricolage,C.D-LOG.AM.02,Temu,T#TT-COM-NU-INT#250101#TEMU______,,,
2026-01-08-0-009,08/01/2026,Banque,,Annule Dépense Rembourcement,,,"100,00 €",,08/01/2026,,Réglé,Logement /Ameublement & Entretien / Ménage (services),C.D-LOG.AM.06,Shiva - Epinal,T#TT-SER-SE-SER#251001#SHIVA__EPINAL__,,,
2026-01-09-0-001,09/01/2026,Banque,,Dépense & Revenu,,,"235,82 €",,09/01/2026,,Réglé,Logement / Charges / Assurance,C.D-LOG.CH.01,Maaf Assurance - Epinal,T#TT-PUB-CO-GAR#250801#MAAF_ASSURANCE_,,,
2026-01-12-0-005,12/01/2026,Banque,,Dépense & Revenu,,,"9,20 €",,12/01/2026,,Réglé,Quotidien / Consommation / Papeterie & Bureautique,C.D-QUO.CO.07,Hall Du livre - Nancy,T#TT-COM-SP-LIB#991230#HALL_DU_LIVRE__,,,
2026-01-12-0-005,12/01/2026,Banque,,Annule Dépense Rembourcement,,,"35,99 €",,12/01/2026,,Réglé,Santé & Bien-être / Loisirs Social / Autre Loisirs,C.D-SAN.LO.06,Amazon - France,T#TT-COM-NU-INT#251012#AMAZON__FRANCE_,,,
2026-01-12-0-005,12/01/2026,Banque,,Annule Dépense Rembourcement,,,"5,99 €",,12/01/2026,,Réglé,Quotidien / Consommation / High-Tech,C.D-QUO.CO.05,Amazon - France,T#TT-COM-NU-INT#251012#AMAZON__FRANCE_,,,
2026-01-12-0-005,12/01/2026,Banque,,Dépense & Revenu,,,"25,00 €",,12/01/2026,,Réglé,Quotidien / Repas / Repas Midi,C.D-QUO.RE.01,Green Bagel Café - Epinal,T#TT-COM-RE-BAR#250723#GREEN_BAGEL_CAF,,,
2026-01-12-0-005,12/01/2026,Banque,,Dépense & Revenu,,,"17,40 €",,12/01/2026,,Réglé,Quotidien / Transport / Transport en commun,C.D-QUO.TR.07,SNCF - Train & Bus,T#TT-MOB-IN-TRA#250809#SNCF__TRAIN__BU,,,
2026-01-13-0-001,13/01/2026,Banque,,Dépense & Revenu,,,"16,99 €",,13/01/2026,,Réglé,Quotidien / Famille / Sport,C.D-QUO.FA.01,Amazfit - Zepp Health,T#TT-COM-SP-SPO#991230#AMAZFIT__ZEPP_H,,,
2026-01-14-0-003,14/01/2026,Banque,,Dépense & Revenu,,,"4,95 €",,14/01/2026,,Réglé,Quotidien / Repas / Repas Midi,C.D-QUO.RE.01,Starbucks Coffee - Nancy Gare,T#TT-COM-RE-BAR#991230#STARBUCKS_COFFE,,,
2026-01-14-0-003,14/01/2026,Banque,,Dépense & Revenu,,,"12,80 €",,14/01/2026,,Réglé,Quotidien / Repas / Repas Resto partagés,C.D-QUO.RE.02,Pizzeria Sole Mio - Nancy,T#TT-COM-RE-RES#991230#PIZZERIA_SOLE_M,,,
2026-01-14-0-003,14/01/2026,Banque,,Dépense & Revenu,,,"35,50 €",,14/01/2026,,Réglé,Quotidien / Consommation / Courses,C.D-QUO.CO.03,"Boulangerie Maison Charlise, Epinal",T#TT-COM-RE-BOU#250724#BOULANGERIE_MAI,,,
2026-01-16-0-002,16/01/2026,Banque,,Dépense & Revenu,,,"14,90 €",,16/01/2026,,Réglé,Quotidien / Repas / Repas Resto partagés,C.D-QUO.RE.02,Mama Noi - Epinal,T#TT-COM-RE-RES#250912#MAMA_NOI__EPINA,,,
2026-01-16-0-002,16/01/2026,Banque,,Dépense & Revenu,,,"17,40 €",,16/01/2026,,Réglé,Quotidien / Transport / Transport en commun,C.D-QUO.TR.07,SNCF - Train & Bus,T#TT-MOB-IN-TRA#250809#SNCF__TRAIN__BU,,,
2026-01-19-0-007,19/01/2026,Banque,,Dépense & Revenu,,PO-069-05399213020790987,"18,62 €",,20/01/2026,,Réglé,Quotidien / Mode/ Sous-vêtements,C.D-QUO.MO.06,Temu,T#TT-COM-NU-INT#250101#TEMU______,,,
2026-01-19-0-007,19/01/2026,Banque,,Dépense & Revenu,,PO-069-05399213020790987,"32,67 €",,20/01/2026,,Réglé,Quotidien / Mode / Vêtements ,C.D-QUO.MO.04,Temu,T#TT-COM-NU-INT#250101#TEMU______,,,
2026-01-19-0-007,19/01/2026,Banque,,Dépense & Revenu,,PO-069-05399213020790987,"2,97 €",,20/01/2026,,Réglé,Quotidien / Mode / Vêtements & accessoires à theme,C.D-QUO.MO.05,Temu,T#TT-COM-NU-INT#250101#TEMU______,,,
2026-01-19-0-007,19/01/2026,Banque,,Dépense & Revenu,,PO-069-05399213020790987,"39,98 €",,20/01/2026,,Réglé,Quotidien / Cadeaux / Cadeaux Famille,C.D-QUO.CA.03,Temu,T#TT-COM-NU-INT#250101#TEMU______,,,
2026-01-19-0-007,19/01/2026,Banque,,Dépense & Revenu,,PO-069-05399213020790987,"6,30 €",,20/01/2026,,Réglé,Quotidien / Consommation / High-Tech,C.D-QUO.CO.05,Temu,T#TT-COM-NU-INT#250101#TEMU______,,,
2026-01-19-0-007,19/01/2026,Banque,,Dépense & Revenu,,,"28,57 €",,19/01/2026,,Réglé,Quotidien / Consommation / Courses,C.D-QUO.CO.03,Boulangerie - Au Pain de mon Grand-père - Nancy - Place des vosges,T#TT-COM-RE-BOU#250618#BOULANGERIE__AU,,,
2026-01-19-0-007,19/01/2026,Banque,,Dépense & Revenu,,,"34,98 €",,19/01/2026,,Réglé,Quotidien / Abonnement / Internet & Mobile,C.D-QUO.AB.01,Free,T#TT-COM-NU-FOU#250905#FREE______,,,
2026-01-21-0-001,21/01/2026,Banque,,Dépense & Revenu,,,"9,60 €",,21/01/2026,,Réglé,Quotidien / Consommation / Courses,C.D-QUO.CO.03,Michez Jean-Marc - Boulangerie,T#TT-COM-RE-BOU#991230#MICHEZ_JEANMARC,,,
2026-01-22-0-001,22/01/2026,Banque,,Dépense & Revenu,,,"38,80 €",,22/01/2026,,Réglé,Quotidien / Repas / Repas Resto partagés,C.D-QUO.RE.02,My Bears Essey,#N/A,,,
2026-01-23-1-003,23/01/2026,Banque,,Annule Dépense Rembourcement,,PO-069-01963203759990987,"13,14 €",,,,Dû,Logement / Ameublement & Entretien / Bricolage,C.D-LOG.AM.02,Temu,T#TT-COM-NU-INT#250101#TEMU______,,,
2026-01-23-1-003,23/01/2026,Banque,,Annule Dépense Rembourcement,,PO-069-01963203759990987,"6,79 €",,,,Dû,Quotidien / Mode/ Sous-vêtements,C.D-QUO.MO.06,Temu,T#TT-COM-NU-INT#250101#TEMU______,,,
2026-01-23-1-003,23/01/2026,Banque,,Annule Dépense Rembourcement,,PO-069-01963203759990987,"16,12 €",,,,Dû,Quotidien / Consommation / High-Tech,C.D-QUO.CO.05,Temu,T#TT-COM-NU-INT#250101#TEMU______,,,
2026-01-31-0-001,31/01/2026,Espèce,,Dépense & Revenu,,,"21,00 €",,,,Réglé,Quotidien / Consommation / Courses,C.D-QUO.CO.03,Boulangerie - Au Pain de mon Grand-père - Nancy - Place des vosges,T#TT-COM-RE-BOU#250618#BOULANGERIE__AU,,,
2026-02-06-0-001,06/02/2026,Espèce,,Dépense & Revenu,,,"2,50 €",,,,Réglé,Quotidien / Consommation / Courses,C.D-QUO.CO.03,"Boulangerie Maison Charlise, Epinal",T#TT-COM-RE-BOU#250724#BOULANGERIE_MAI,,,
2026-02-26-0-001,26/02/2026,Espèce,,Dépense & Revenu,,,"9,00 €",,,,Réglé,Quotidien / Consommation / Courses,C.D-QUO.CO.03,Boulangerie Pâtisserie Kohut,#N/A,,,